"","pathway","pval","padj","log2err","ES","NES","size","leadingEdge"
"1","HALLMARK_ADIPOGENESIS",7.20181711037081e-06,2.40060570345694e-05,0.610526878385931,-0.362539351701841,-1.67840812880634,280,"c(`26358` = ""Aldh1a7"", `11668` = ""Aldh1a1"", `13120` = ""Cyp4b1"", `107029` = ""Me2"", `80981` = ""Arl4d"", `57875` = ""Angptl4"", `70335` = ""Reep6"", `22117` = ""Tst"", `13850` = ""Ephx2"", `26569` = ""Slc27a4"", `108958` = ""Miga2"", `13350` = ""Dgat1"", `232089` = ""Elmod3"", `11430` = ""Acox1"", `27376` = ""Slc25a10"", `209558` = ""Enpp3"", `12974` = ""Cs"", `269951` = ""Idh2"", `109264` = ""Me3"", `72535` = ""Aldh1b1"", `20280` = ""Scp2"", `67442` = ""Retsat"", `56847` = ""Aldh1a3"", `16890` = ""Lipe"", `52538` = ""Acaa2"", `12359` = ""Cat"", 
`330064` = ""Slc5a6"", `110391` = ""Qdpr"", `16922` = ""Phyh"", `17448` = ""Mdh2"", `270198` = ""Pfkfb4"", `11429` = ""Aco2"", `19042` = ""Ppm1a"", `110826` = ""Etfb"", `13830` = ""Stom"", `230163` = ""Aldob"", `12908` = ""Crat"", `26379` = ""Esrra"", `12828` = ""Col4a3"", `223775` = ""Pim3"", `102693` = ""Phldb1"", `16443` = ""Itsn1"", `51798` = ""Ech1"", `56273` = ""Pex14"", `103172` = ""Chchd10"", `72039` = ""Mccc1"", `56428` = ""Mtch2"", `13360` = ""Dhcr7"", `22187` = ""Ubb"", `67834` = ""Idh3a"", `69574` = ""Cmbl"", `104069` = ""Sncb"", `74185` = ""Gbe1"", 
`67809` = ""Rmdn3"", `26926` = ""Aifm1"", `268301` = ""Sowahc"", `235339` = ""Dlat"", `13382` = ""Dld"", `22245` = ""Uck1"", `12830` = ""Col4a5"", `15107` = ""Hadh"", `28169` = ""Agpat3"", `20618` = ""Sncg"", `16846` = ""Lep"", `12896` = ""Cpt2"", `75512` = ""Gpx6"", `13602` = ""Sparcl1"", `76614` = ""Immt"", `210044` = ""Adcy2"", `14792` = ""Lpcat3"", `22273` = ""Uqcrc1"", `15926` = ""Idh1"", `71966` = ""Nkiras2"", `226041` = ""Pgm5"", `16400` = ""Itga3"", `28080` = ""Atp5o"", `11932` = ""Atp1b2"", `108954` = ""Ppp1r15b"", `20509` = ""Slc19a1"", 
`56298` = ""Atl2"", `11450` = ""Adipoq"", `110157` = ""Raf1"", `107589` = ""Mylk"", `66445` = ""Cyc1"", `11364` = ""Acadm"", `67680` = ""Sdhb"", `12829` = ""Col4a4"", `12452` = ""Ccng2"", `12580` = ""Cdkn2c"", `20411` = ""Sorbs1"", `20324` = ""Cavin2"", `19378` = ""Aldh1a2"", `67914` = ""Coq9"", `22228` = ""Ucp2"", `11637` = ""Ak2"", `94216` = ""Col4a6"", `11601` = ""Angpt2"", `27395` = ""Mrpl15"", `18640` = ""Pfkfb2"", `12491` = ""Cd36"", `94044` = ""Bcl2l13"", `15139` = ""Hc"", `22229` = ""Ucp3"", `12675` = ""Chuk"", `59010` = ""Sqor"", `216820` = ""Dhrs7b"", 
`102247` = ""Gpat4"", `224129` = ""Adcy5"", `68202` = ""Ndufa5"", `20655` = ""Sod1"", `56451` = ""Suclg1"", `66052` = ""Sdhc"", `68465` = ""Adipor2"", `19218` = ""Ptger3"", `11409` = ""Acads"", `27362` = ""Dnajb9"", `57264` = ""Retn"", `23945` = ""Mgll"", `66205` = ""Cd302"", `66878` = ""Riok3"", `11600` = ""Angpt1"", `68750` = ""Rreb1"", `246747` = ""Adig"", `76877` = ""Rab36"", `14571` = ""Gpd2"")"
"2","HALLMARK_ALLOGRAFT_REJECTION",1e-10,8.33333333333333e-10,NA,0.482729838472564,2.16557941998812,244,"c(`21857` = ""Timp1"", `14744` = ""Gpr65"", `21926` = ""Tnf"", `16160` = ""Il12b"", `12772` = ""Ccr2"", `24047` = ""Ccl19"", `15894` = ""Icam1"", `14469` = ""Gbp2"", `224109` = ""Nrros"", `24088` = ""Tlr2"", `216799` = ""Nlrp3"", `17084` = ""Ly86"", `15976` = ""Ifnar2"", `16190` = ""Il4ra"", `13038` = ""Ctsk"", `20296` = ""Ccl2"", `16364` = ""Irf4"", `12332` = ""Capg"", `20306` = ""Ccl7"", `21897` = ""Tlr1"", `17329` = ""Cxcl9"", `21899` = ""Tlr6"", `16408` = ""Itgal"", `16163` = ""Il13"", `378425` = ""Nlrp12"", `12051` = ""Bcl3"", `20299` = ""Ccl22"", 
`20963` = ""Syk"", `12519` = ""Cd80"", `16174` = ""Il18rap"", `13649` = ""Egfr"", `19264` = ""Ptprc"", `13040` = ""Ctss"", `12771` = ""Ccr3"", `12977` = ""Csf1"", `23797` = ""Akt3"", `12229` = ""Btk"", `17179` = ""Matk"", `16687` = ""Krt6a"", `16688` = ""Krt6b"", `12445` = ""Ccnd3"", `16323` = ""Inhba"", `16414` = ""Itgb2"", `18751` = ""Prkcb"", `15251` = ""Hif1a"", `384059` = ""Tlr12"", `16994` = ""Ltb"", `15001` = ""H2-Oa"", `170743` = ""Tlr7"", `16170` = ""Il16"", `22376` = ""Was"", `27220` = ""Cartpt"", `12504` = ""Cd4"", `17096` = ""Lyn"", `56744` = ""Pf4"", 
`21355` = ""Tap2"", `15170` = ""Ptpn6"", `21939` = ""Cd40"", `26411` = ""Map4k1"", `16184` = ""Il2ra"", `16193` = ""Il6"", `16324` = ""Inhbb"", `246154` = ""Vasn"", `12042` = ""Bcl10"", `20846` = ""Stat1"", `170823` = ""Glmn"", `22030` = ""Traf2"", `16161` = ""Il12rb1"", `12518` = ""Cd79a"", `230861` = ""Eif4g3"", `12774` = ""Ccr5"", `12487` = ""Cd28"", `20849` = ""Stat4"", `21947` = ""Cd40lg"", `16149` = ""Cd74"", `16150` = ""Ikbkb"", `12479` = ""Cd1d1"", `192656` = ""Ripk2"", `12481` = ""Cd2"", `21838` = ""Thy1"", `17973` = ""Nck1"", `16159` = ""Il12a"", 
`18148` = ""Npm1"", `50931` = ""Il27ra"", `53791` = ""Tlr5"", `16678` = ""Krt1"", `16153` = ""Il10"", `20452` = ""St8sia4"", `16183` = ""Il2"", `18126` = ""Nos2"", `192187` = ""Stab1"", `208691` = ""Eif5a2"", `13244` = ""Degs1"", `18102` = ""Nme1"", `79221` = ""Hdac9"", `22375` = ""Wars"", `50723` = ""Icosl"", `110308` = ""Krt5"", `76846` = ""Rps9"", `11651` = ""Akt1"", `16451` = ""Jak1"", `23871` = ""Ets1"", `216080` = ""Ube2d1"", `20091` = ""Rps3a1"", `15002` = ""H2-Ob"", `26409` = ""Map3k7"", `16196` = ""Il7"", `21354` = ""Tap1"", `16156` = ""Il11"", 
`56468` = ""Socs5"", `69717` = ""Gm10499"", `667977` = ""Gm8909"", `14963` = ""H2-Bl"", `14964` = ""H2-D1"", `14972` = ""H2-K1"", `15006` = ""H2-Q1"", `15007` = ""H2-Q10"", `15013` = ""H2-Q2"", `15015` = ""H2-Q4"", `110557` = ""H2-Q6"", `15018` = ""H2-Q7"")"
"3","HALLMARK_ANDROGEN_RESPONSE",0.0368098159509202,0.0736196319018405,0.341793380897475,-0.300446466712266,-1.28802183152339,155,"c(`26358` = ""Aldh1a7"", `11668` = ""Aldh1a1"", `27219` = ""Sgk2"", `14555` = ""Gpd1"", `544963` = ""Iqgap2"", `15446` = ""Hpgd"", `17132` = ""Maf"", `17289` = ""Mertk"", `20322` = ""Sord"", `19341` = ""Rab4a"", `72535` = ""Aldh1b1"", `56847` = ""Aldh1a3"", `11732` = ""Ank"", `21807` = ""Tsc22d1"", `20807` = ""Srf"", `70361` = ""Lman1"", `107652` = ""Uap1"", `241226` = ""Itga8"", `74754` = ""Dhcr24"", `20393` = ""Sgk1"", `13521` = ""Slc26a2"", `333433` = ""Gpd1l"", `229776` = ""Cdc14a"", `17761` = ""Map7"", `26557` = ""Homer2"", `60595` = ""Actn4"", 
`108737` = ""Oxsr1"", `192657` = ""Ell2"", `69608` = ""Sec24d"", `20111` = ""Rps6ka1"", `14679` = ""Gnai3"", `269180` = ""Inpp4a"")"
"4","HALLMARK_ANGIOGENESIS",0.000860904928741099,0.00239140257983639,0.477270815362862,0.49463472102308,1.82261757265999,59,"c(`21857` = ""Timp1"", `20311` = ""Cxcl5"", `108078` = ""Olr1"", `16410` = ""Itgav"", `22324` = ""Vav1"", `19074` = ""Prg2"", `12832` = ""Col5a2"", `17022` = ""Lum"", `16402` = ""Itga5"", `21946` = ""Pglyrp1"", `12445` = ""Ccnd3"", `12843` = ""Col1a2"", `53867` = ""Col5a3"", `56744` = ""Pf4"", `14186` = ""Fgfr4"", `12842` = ""Col1a1"")"
"5","HALLMARK_APICAL_JUNCTION",0.000303853859095473,0.000893687820869039,0.49849310876659,0.32460866827083,1.5022421505243,326,"c(`244864` = ""Layn"", `16774` = ""Lama3"", `15894` = ""Icam1"", `22329` = ""Vcam1"", `16780` = ""Lamb3"", `16782` = ""Lamc2"", `56173` = ""Cldn14"", `12561` = ""Cdh4"", `22324` = ""Vav1"", `12737` = ""Cldn1"", `20163` = ""Rsu1"", `54353` = ""Skap2"", `12832` = ""Col5a2"", `14086` = ""Fscn1"", `20963` = ""Syk"", `11686` = ""Alox12b"", `16398` = ""Itga2"", `13649` = ""Egfr"", `12552` = ""Cdh11"", `19264` = ""Ptprc"", `234407` = ""Colgalt1"", `21827` = ""Thbs3"", `23797` = ""Akt3"", `17698` = ""Msn"", `104010` = ""Cdh22"", `14012` = ""Mpzl2"", `71740` = ""Nectin4"", 
`17390` = ""Mmp2"", `12740` = ""Cldn4"", `320832` = ""Sirpb1a"", `668101` = ""Sirpb1b"", `100038947` = ""Sirpb1c"", `18417` = ""Cldn11"", `102657` = ""Cd276"", `20130` = ""Rras"", `22323` = ""Vasp"", `99151` = ""Cercam"", `12843` = ""Col1a2"", `18383` = ""Tnfrsf11b"", `22029` = ""Traf1"", `170786` = ""Cd209a"", `69165` = ""Cd209b"", `170776` = ""Cd209c"", `170779` = ""Cd209d"", `170780` = ""Cd209e"", `17996` = ""Neb"", `53867` = ""Col5a3"", `192156` = ""Mvd"", `18710` = ""Pik3r3"", `12798` = ""Cnn2"", `225028` = ""Map4k3"", `12842` = ""Col1a1"", 
`16331` = ""Inpp5d"", `26411` = ""Map4k1"", `73341` = ""Arhgef6"", `18707` = ""Pik3cd"", `17886` = ""Myh9"", `60533` = ""Cd274"", `12821` = ""Col17a1"", `56863` = ""Cldn9"", `12153` = ""Bmp1"", `64540` = ""Tspan4"", `100017` = ""Ldlrap1"", `20970` = ""Sdc3"", `12825` = ""Col3a1"", `58235` = ""Nectin1"", `20410` = ""Sorbs3"", `54216` = ""Pcdh7"", `93737` = ""Pard6g"", `21838` = ""Thy1"", `12741` = ""Cldn5"", `69192` = ""Dhx16"", `12490` = ""Cd34"", `22330` = ""Vcl"", `20909` = ""Stx4a"", `11502` = ""Adam9"", `12845` = ""Comp"", `23792` = ""Adam23"", 
`108100` = ""Baiap2"", `78334` = ""Cdk19"", `17242` = ""Mdk"", `109711` = ""Actn1"", `170758` = ""Rac3"", `53418` = ""B4galt2"")"
"6","HALLMARK_APICAL_SURFACE",0.604743083003953,0.795714582899938,0.0687943095604775,0.244266979471245,0.932608305970912,73,"c(`241633` = ""Atp8b4"", `20525` = ""Slc2a1"", `240725` = ""Sulf1"", `11980` = ""Atp8a1"", `27060` = ""Tcirg1"", `14863` = ""Gstm2"", `140494` = ""Atp6v0a4"", `17096` = ""Lyn"", `14865` = ""Gstm4"", `16328` = ""Cep250"", `268935` = ""Scube3"", `13845` = ""Ephb3"", `21838` = ""Thy1"", `13844` = ""Ephb2"", `14252` = ""Flot2"", `54667` = ""Atp8b2"", `53418` = ""B4galt2"", `58991` = ""Ghrl"", `74762` = ""Mdga1"", `192190` = ""Pkhd1l1"", `14462` = ""Gata3"", `11975` = ""Atp6v0a1"")"
"7","HALLMARK_APOPTOSIS",0.00142019268715441,0.00373734917672214,0.45505986738723,0.348113760398836,1.51275157809336,199,"c(`21857` = ""Timp1"", `21926` = ""Tnf"", `12475` = ""Cd14"", `66141` = ""Ifitm3"", `13179` = ""Dcn"", `12505` = ""Cd44"", `12759` = ""Clu"", `18796` = ""Plcb2"", `12364` = ""Casp12"", `18611` = ""Pea15a"", `11796` = ""Birc3"", `80876` = ""Ifitm2"", `12111` = ""Bgn"", `27279` = ""Tnfrsf12a"", `13649` = ""Egfr"", `16952` = ""Anxa1"", `12125` = ""Bcl2l11"", `17022` = ""Lum"", `14676` = ""Gna15"", `171543` = ""Bmf"", `16668` = ""Krt18"", `14863` = ""Gstm2"", `17390` = ""Mmp2"", `12445` = ""Ccnd3"", `58801` = ""Pmaip1"", `18003` = ""Nedd9"", `12257` = ""Tspo"", 
`14775` = ""Gpx1"", `57444` = ""Isg20"", `21858` = ""Timp2"", `14528` = ""Gch1"", `12228` = ""Btg3"", `19697` = ""Rela"", `16193` = ""Il6"", `19696` = ""Rel"", `15937` = ""Ier3"", `20739` = ""Spta1"", `12042` = ""Bcl10"", `12515` = ""Cd69"")"
"8","HALLMARK_BILE_ACID_METABOLISM",5.81006095849604e-10,4.15004354178289e-09,0.801215574617779,-0.52240635301367,-2.21986956739182,138,"c(`26358` = ""Aldh1a7"", `11668` = ""Aldh1a1"", `243168` = ""Hsd17b13"", `67470` = ""Abcg8"", `56752` = ""Aldh9a1"", `18631` = ""Pex11a"", `13850` = ""Ephx2"", `67993` = ""Nudt12"", `27404` = ""Abca8b"", `217258` = ""Abca8a"", `103142` = ""Rdh9"", `54150` = ""Rdh7"", `216453` = ""Rdh19"", `216454` = ""Rdh16f2"", `107605` = ""Rdh1"", `104086` = ""Cyp27a1"", `17117` = ""Amacr"", `23957` = ""Nr0b2"", `11666` = ""Abcd1"", `433256` = ""Acsl5"", `19299` = ""Abcd3"", `66307` = ""Isoc1"", `71648` = ""Optn"", `269951` = ""Idh2"", `72535` = ""Aldh1b1"", `20280` = ""Scp2"", 
`18171` = ""Nr1i2"", `76263` = ""Gstk1"", `67442` = ""Retsat"", `13370` = ""Dio1"", `56847` = ""Aldh1a3"", `16890` = ""Lipe"", `20522` = ""Slc23a1"", `26459` = ""Slc27a5"", `54200` = ""Sult2b1"", `12359` = ""Cat"", `16922` = ""Phyh"", `111175` = ""Pecr"", `15488` = ""Hsd17b4"", `20181` = ""Rxra"", `56362` = ""Sult1b1"", `74754` = ""Dhcr24"", `18400` = ""Slc22a18"", `170442` = ""Bbox1"", `66887` = ""Lonp2"", `114664` = ""Hsd17b11"", `237636` = ""Npc1l1"", `223920` = ""Soat2"")"
"9","HALLMARK_CHOLESTEROL_HOMEOSTASIS",0.0176060189801283,0.0382739543046268,0.352487857583619,0.358394650676809,1.41117195579656,96,"c(`12759` = ""Clu"", `16592` = ""Fabp5"", `11747` = ""Anxa5"", `60599` = ""Trp53inp1"", `110006` = ""Gusb"", `20195` = ""S100a11"", `27279` = ""Tnfrsf12a"", `108767` = ""Pnrc1"", `11676` = ""Aldoc"", `14863` = ""Gstm2"", `12527` = ""Cd9"", `107503` = ""Atf5"", `11674` = ""Aldoa"", `192156` = ""Mvd"", `14865` = ""Gstm4"", `19016` = ""Pparg"", `15360` = ""Hmgcs2"", `18030` = ""Nfil3"", `11658` = ""Alcam"", `66071` = ""Ethe1"", `74155` = ""Errfi1"", `110460` = ""Acat2"", `224530` = ""Acat3"")"
"10","HALLMARK_COAGULATION",4.00044671637344e-05,0.00012501395988667,0.557332238758646,0.400360655872849,1.71906183257914,174,"c(`21857` = ""Timp1"", `50909` = ""C1ra"", `667277` = ""C1rb"", `14058` = ""F10"", `17388` = ""Mmp15"", `50908` = ""C1s1"", `317677` = ""C1s2"", `12258` = ""Serping1"", `12759` = ""Clu"", `18787` = ""Serpine1"", `17387` = ""Mmp14"", `108078` = ""Olr1"", `12337` = ""Capn5"", `12266` = ""C3"", `13038` = ""Ctsk"", `12628` = ""Cfh"", `18792` = ""Plau"", `12268` = ""C4b"", `12334` = ""Capn2"", `16398` = ""Itga2"", `13039` = ""Ctsl"", `16952` = ""Anxa1"", `13040` = ""Ctss"", `21827` = ""Thbs3"", `13036` = ""Ctsh"", `13034` = ""Ctse"", `12527` = ""Cd9"", `17390` = ""Mmp2"", 
`104681` = ""Slc16a6"", `19072` = ""Prep"", `14060` = ""F13b"", `19123` = ""Proc"", `56744` = ""Pf4"", `232345` = ""A2m"", `56213` = ""Htra1"", `54381` = ""Cpq"", `15451` = ""Hpn"", `15360` = ""Hmgcs2"", `14962` = ""Cfb"", `18788` = ""Serpinb2"", `14064` = ""F2rl2"", `17389` = ""Mmp16"", `16416` = ""Itgb3"", `12153` = ""Bmp1"")"
"11","HALLMARK_COMPLEMENT",4.17390348808572e-08,1.60534749541759e-07,0.719512826338911,0.405790772700492,1.85445443784287,275,"c(`21857` = ""Timp1"", `50909` = ""C1ra"", `667277` = ""C1rb"", `14058` = ""F10"", `17388` = ""Mmp15"", `12870` = ""Cp"", `16411` = ""Itgax"", `50908` = ""C1s1"", `317677` = ""C1s2"", `72461` = ""Prcp"", `320207` = ""Pik3r5"", `70789` = ""Kynu"", `12258` = ""Serping1"", `12759` = ""Clu"", `18787` = ""Serpine1"", `11747` = ""Anxa5"", `17387` = ""Mmp14"", `108078` = ""Olr1"", `21929` = ""Tnfaip3"", `20310` = ""Cxcl2"", `70574` = ""Cpm"", `56461` = ""Kcnip3"", `80287` = ""Apobec3"", `12266` = ""C3"", `13038` = ""Ctsk"", `12628` = ""Cfh"", `14825` = ""Cxcl1"", 
`12268` = ""C4b"", `12364` = ""Casp12"", `20202` = ""S100a9"", `13136` = ""Cd55"", `13137` = ""Cd55b"", `12832` = ""Col5a2"", `13039` = ""Ctsl"", `13040` = ""Ctss"", `30955` = ""Pik3cg"", `18783` = ""Pla2g4a"", `13036` = ""Ctsh"", `13033` = ""Ctsd"", `17386` = ""Mmp13"", `24136` = ""Zeb2"", `75974` = ""Dock11"", `56212` = ""Rhog"", `12843` = ""Col1a2"", `14067` = ""F5"", `19072` = ""Prep"", `22376` = ""Was"", `78753` = ""Lipm"", `17096` = ""Lyn"", `16889` = ""Lipa"", `53867` = ""Col5a3"", `21858` = ""Timp2"", `13032` = ""Ctsc"", `210293` = ""Dock10"", 
`12842` = ""Col1a1"", `54381` = ""Cpq"", `18707` = ""Pik3cd"", `16193` = ""Il6"", `238130` = ""Dock4"", `12349` = ""Car2"", `12402` = ""Cbl"", `14962` = ""Cfb"", `18129` = ""Notch2"", `240672` = ""Dusp5"", `14702` = ""Gng2"", `18788` = ""Serpinb2"", `208650` = ""Cblb"", `17389` = ""Mmp16"", `16363` = ""Irf2"")"
"12","HALLMARK_DNA_REPAIR",1,1,0.0453152441270267,-0.122024580986017,-0.536626758644927,185,"c(`22169` = ""Cmpk2"", `54722` = ""Gsdme"", `54208` = ""Arl6ip1"", `55994` = ""Smad9"", `18968` = ""Pola1"", `229906` = ""Gtf2b"", `74414` = ""Polr3c"", `20908` = ""Stx3"", `11486` = ""Ada"", `330959` = ""Snapc5"", `210044` = ""Adcy2"", `194309` = ""Vps37d"", `14884` = ""Gtf2h1"", `56248` = ""Ak3"", `72269` = ""Cda"", `110385` = ""Pde4c"", `13716` = ""Ell"", `76025` = ""Cant1"", `69020` = ""Zfp707"", `18160` = ""Npr1"", `19714` = ""Rev3l"", `21357` = ""Tarbp2"", `19718` = ""Rfc2"", `98053` = ""Gtf2f1"", `224129` = ""Adcy5"", `72749` = ""Tonsl"", `66355` = ""Gmpr"", 
`245841` = ""Polr2h"", `56216` = ""Stx1b"", `209357` = ""Gtf2h3"", `13872` = ""Ercc3"", `78653` = ""Bola3"", `18588` = ""Pde6g"", `27061` = ""Bcap31"", `70456` = ""Mpc2"", `106344` = ""Rfc4"", `69263` = ""Rfc3"", `218630` = ""Ccno"")"
"13","HALLMARK_E2F_TARGETS",1,1,0.0424170054438747,0.117387220834022,0.535622093654127,260,"c(`14853` = ""Gspt2"", `51797` = ""Ctps"", `245269` = ""Nim1k"", `140557` = ""Smc1b"", `71653` = ""Shtn1"", `22059` = ""Trp53"", `67054` = ""Paics"", `15361` = ""Hmga1"", `12571` = ""Cdk6"", `66570` = ""Cenpm"", `22042` = ""Tfrc"", `108079` = ""Prkaa2"", `103135` = ""Pan2"", `110639` = ""Prps2"", `17869` = ""Myc"", `53381` = ""Prdx4"", `218977` = ""Dlgap5"", `53605` = ""Nap1l1"", `665563` = ""Mthfd2l"", `12236` = ""Bub1b"", `382985` = ""Rrm2b"", `105787` = ""Prkaa1"", `17685` = ""Msh2"", `69724` = ""Rnaseh2a"", `22061` = ""Trp63"", `74326` = ""Hnrnpr"", 
`18102` = ""Nme1"", `66403` = ""Asf1a"", `26559` = ""Hunk"", `19076` = ""Prim2"", `101739` = ""Psip1"", `56403` = ""Syncrip"", `245688` = ""Rbbp7"", `60364` = ""Donson"", `22256` = ""Ung"", `53892` = ""Ppm1d"", `73710` = ""Tubb2b"", `22154` = ""Tubb5"", `66471` = ""Anp32e"", `68981` = ""Snrpa1"", `76131` = ""Depdc1a"", `18393` = ""Orc2"", `20425` = ""Shmt1"", `13665` = ""Eif2s1"", `77976` = ""Nuak1"", `68275` = ""Rpa1"", `20646` = ""Snrpn"", `100710` = ""Pds5b"", `67967` = ""Pold3"", `108037` = ""Shmt2"", `17089` = ""Lyar"", `50883` = ""Chek2"", `17219` = ""Mcm6"", 
`319162` = ""H2aw"", `71099` = ""Tssk4"", `16563` = ""Kif2a"", `54141` = ""Spag5"", `17215` = ""Mcm3"", `18971` = ""Pold1"", `13178` = ""Dck"", `69270` = ""Gins1"", `56419` = ""Diaph3"", `67951` = ""Tubb6"", `21853` = ""Timeless"", `235344` = ""Sik2"", `69639` = ""Exosc8"", `19090` = ""Prkdc"", `83984` = ""Tssk6"", `20638` = ""Snrpb"", `19646` = ""Rbbp4"", `329977` = ""Fhad1"")"
"14","HALLMARK_EPITHELIAL_MESENCHYMAL_TRANSITION",2.85482119021088e-09,1.7842632438818e-08,0.774939030136436,0.431356667680404,1.96864997152898,268,"c(`21857` = ""Timp1"", `17388` = ""Mmp15"", `13179` = ""Dcn"", `20311` = ""Cxcl5"", `12505` = ""Cd44"", `16774` = ""Lama3"", `18787` = ""Serpine1"", `17387` = ""Mmp14"", `22352` = ""Vim"", `21929` = ""Tnfaip3"", `22329` = ""Vcam1"", `20310` = ""Cxcl2"", `16782` = ""Lamc2"", `16410` = ""Itgav"", `30794` = ""Pdlim4"", `12561` = ""Cdh4"", `14579` = ""Gem"", `70350` = ""Basp1"", `14825` = ""Cxcl1"", `12332` = ""Capg"", `12832` = ""Col5a2"", `12406` = ""Serpinh1"", `12111` = ""Bgn"", `16398` = ""Itga2"", `27279` = ""Tnfrsf12a"", `326618` = ""Tpm4"", `12552` = ""Cdh11"", 
`22240` = ""Dpysl3"", `30927` = ""Snai3"", `17022` = ""Lum"", `234407` = ""Colgalt1"", `16010` = ""Igfbp4"", `21827` = ""Thbs3"", `18542` = ""Pcolce"", `104010` = ""Cdh22"", `13732` = ""Emp3"", `16402` = ""Itga5"", `19288` = ""Ptx3"", `58859` = ""Efemp2"", `17390` = ""Mmp2"", `11492` = ""Adam19"", `16323` = ""Inhba"", `16008` = ""Igfbp2"", `16772` = ""Lama1"", `99151` = ""Cercam"", `12843` = ""Col1a2"", `18383` = ""Tnfrsf11b"", `21817` = ""Tgm2"", `20379` = ""Sfrp4"", `16420` = ""Itgb6"", `53867` = ""Col5a3"", `12064` = ""Bdnf"", `12842` = ""Col1a1"", 
`56213` = ""Htra1"", `20720` = ""Serpine2"", `67305` = ""Gpx7"", `22419` = ""Wnt5b"", `16193` = ""Il6"", `26433` = ""Plod3"", `74488` = ""Lrrc15"", `18129` = ""Notch2"", `13717` = ""Eln"", `14733` = ""Gpc1"", `22418` = ""Wnt5a"", `241639` = ""Fermt1"", `17389` = ""Mmp16"", `16416` = ""Itgb3"", `12153` = ""Bmp1"", `94352` = ""Loxl2"", `13808` = ""Eno3"", `12825` = ""Col3a1"", `13806` = ""Eno1"", `23892` = ""Grem1"", `14219` = ""Ccn2"", `16949` = ""Loxl1"", `20692` = ""Sparc"", `20971` = ""Sdc4"", `21838` = ""Thy1"", `12816` = ""Col12a1"", `18132` = ""Notch4"", 
`13132` = ""Dab2"", `16476` = ""Jun"", `12845` = ""Comp"", `12934` = ""Dpysl2"", `14173` = ""Fgf2"", `19227` = ""Pthlh"", `59069` = ""Tpm3"", `16007` = ""Ccn1"", `11489` = ""Adam12"", `11852` = ""Rhob"", `12836` = ""Col7a1"", `12826` = ""Col4a1"", `14314` = ""Fstl1"", `11465` = ""Actg1"", `20315` = ""Cxcl12"", `11839` = ""Areg"", `18595` = ""Pdgfra"", `21828` = ""Thbs4"")"
"15","HALLMARK_ESTROGEN_RESPONSE_EARLY",0.229885057471264,0.383141762452107,0.12384217120105,0.236649663200127,1.07833096972762,273,"c(`21784` = ""Tff1"", `381269` = ""Mreg"", `12505` = ""Cd44"", `20525` = ""Slc2a1"", `224109` = ""Nrros"", `20893` = ""Bhlhe40"", `12737` = ""Cldn1"", `71529` = ""Kazn"", `17829` = ""Muc1"", `16010` = ""Igfbp4"", `16668` = ""Krt18"", `243864` = ""Mill2"", `384059` = ""Tlr12"", `58801` = ""Pmaip1"", `14200` = ""Fhl2"", `171531` = ""Mlph"", `20681` = ""Sox8"", `230603` = ""Ttc39a"", `170743` = ""Tlr7"", `21817` = ""Tgm2"", `106572` = ""Rab31"", `55948` = ""Sfn"", `20682` = ""Sox9"", `20539` = ""Slc7a5"", `52250` = ""Reep1"", `16598` = ""Klf2"", `107934` = ""Celsr3"", 
`140765` = ""Tmprss3"", `13710` = ""Elf3"", `16324` = ""Inhbb"", `246154` = ""Vasn"", `21815` = ""Tgif1"", `67117` = ""Dynlt3"", `22673` = ""Zfp185"", `260315` = ""Nav3"", `99543` = ""Olfml3"", `50905` = ""Il17rb"", `56350` = ""Arl3"", `69226` = ""Snx24"", `268379` = ""Abca13"", `228839` = ""Tgif2"", `19419` = ""Rasgrp1"", `64292` = ""Ptges"", `17869` = ""Myc"", `66270` = ""Retreg1"", `207920` = ""Esrp1"", `233016` = ""Blvrb"", `103655` = ""Sec14l4"", `16663` = ""Krt13"", `22248` = ""Unc119"", `240168` = ""Rasgrp3"", `53791` = ""Tlr5"", `232174` = ""Cyp26b1"", 
`13655` = ""Egr3"", `236920` = ""Stard8"", `69169` = ""Fcmr"", `53418` = ""B4galt2"", `18432` = ""Mybbp1a"", `20778` = ""Scarb1"", `14025` = ""Bcl11a"", `68801` = ""Elovl5"", `71946` = ""Endod1"", `21983` = ""Tpbg"", `226101` = ""Myof"", `53883` = ""Celsr2"", `20315` = ""Cxcl12"", `11839` = ""Areg"", `12398` = ""Cbfa2t3"", `11988` = ""Slc7a2"", `106957` = ""Slc39a6"", `21847` = ""Klf10"", `20276` = ""Scnn1a"", `12614` = ""Celsr1"", `16451` = ""Jak1"", `101490` = ""Inpp5f"", `235461` = ""Mindy2"", `14389` = ""Gab2"", `231583` = ""Slc26a1"", `15205` = ""Hes1"", 
`286940` = ""Flnb"", `16195` = ""Il6st"", `73710` = ""Tubb2b"", `54608` = ""Abhd2"", `22154` = ""Tubb5"", `20112` = ""Rps6ka2"")"
"16","HALLMARK_ESTROGEN_RESPONSE_LATE",0.373695198329854,0.566204845954324,0.0978773277424561,-0.222105420402629,-1.02335606311075,274,"c(`27219` = ""Sgk2"", `59020` = ""Pdzk1"", `26941` = ""Slc9a3r1"", `19116` = ""Prlr"", `22117` = ""Tst"", `21789` = ""Tfpi2"", `24001` = ""Tiam2"", `320997` = ""Cyp4f39"", `20322` = ""Sord"", `20347` = ""Sema3b"", `229759` = ""Olfm3"", `269951` = ""Idh2"", `20520` = ""Slc22a5"", `16600` = ""Klf4"", `217837` = ""Itpk1"", `54200` = ""Sult2b1"", `30805` = ""Slc22a4"", `14184` = ""Fgfr3"", `16529` = ""Kcnk5"", `93732` = ""Acox2"", `76453` = ""Prss23"", `23971` = ""Papss1"", `17937` = ""Nab2"", `20393` = ""Sgk1"", `110826` = ""Etfb"", `74335` = ""Xrcc3"", 
`22235` = ""Ugdh"", `13521` = ""Slc26a2"", `227377` = ""Farp2"", `631304` = ""Cyp4f40"", `237082` = ""Nxt2"", `11518` = ""Add1"", `21823` = ""Th"", `93736` = ""Aff4"", `228366` = ""Large2"", `11671` = ""Aldh3a2"", `19087` = ""Prkar2a"", `13360` = ""Dhcr7"", `14228` = ""Fkbp4"", `17294` = ""Mest"", `17229` = ""Tpsb2"", `212862` = ""Chpt1"", `26557` = ""Homer2"", `98952` = ""Fam102a"", `11941` = ""Atp2b2"", `12700` = ""Cish"", `217325` = ""Llgl2"", `17172` = ""Ascl1"", `67972` = ""Atp2b1"", `12864` = ""Cox6c"", `12715` = ""Ckm"", `20111` = ""Rps6ka1"", 
`19334` = ""Rab22a"", `20437` = ""Siah1a"", `23802` = ""Amfr"", `67880` = ""Dcxr"", `20818` = ""Srprb"", `320707` = ""Atp2b3"", `15926` = ""Idh1"")"
"17","HALLMARK_FATTY_ACID_METABOLISM",1.09741392478963e-08,4.98824511268012e-08,0.747739663149885,-0.449709613106813,-2.0155690842418,205,"c(`26358` = ""Aldh1a7"", `11668` = ""Aldh1a1"", `17161` = ""Maoa"", `14555` = ""Gpd1"", `243168` = ""Hsd17b13"", `226564` = ""Fmo4"", `107029` = ""Me2"", `56752` = ""Aldh9a1"", `70335` = ""Reep6"", `14079` = ""Fabp2"", `103142` = ""Rdh9"", `54150` = ""Rdh7"", `216453` = ""Rdh19"", `216454` = ""Rdh16f2"", `19683` = ""Rdh16"", `107605` = ""Rdh1"", `15446` = ""Hpgd"", `74147` = ""Ehhadh"", `14263` = ""Fmo5"", `433256` = ""Acsl5"", `11430` = ""Acox1"", `20916` = ""Sucla2"", `78920` = ""Dlst"", `269951` = ""Idh2"", `17449` = ""Mdh1"", `109264` = ""Me3"", 
`109731` = ""Maob"", `72535` = ""Aldh1b1"", `20520` = ""Slc22a5"", `67442` = ""Retsat"", `15159` = ""Hccs"", `56847` = ""Aldh1a3"", `52538` = ""Acaa2"", `171282` = ""Acot4"", `30805` = ""Slc22a4"", `19013` = ""Ppara"", `17448` = ""Mdh2"", `21743` = ""Inmt"", `11429` = ""Aco2"", `15488` = ""Hsd17b4"", `11832` = ""Aqp7"", `74754` = ""Dhcr24"", `55990` = ""Fmo2"", `230163` = ""Aldob"", `22235` = ""Ugdh"", `12908` = ""Crat"", `114664` = ""Hsd17b11"", `333433` = ""Gpd1l"", `51798` = ""Ech1"", `72479` = ""Hsdl2"", `11671` = ""Aldh3a2"", `235674` = ""Acaa1b"", 
`113868` = ""Acaa1a"", `14874` = ""Gstz1"", `14080` = ""Fabp1"", `20917` = ""Suclg2"", `23986` = ""Eci2"", `22361` = ""Vnn1"", `13382` = ""Dld"", `15107` = ""Hadh"")"
"18","HALLMARK_G2M_CHECKPOINT",0.997907949790795,1,0.0478299633114229,-0.155330258230526,-0.715449631584458,270,"c(`19704` = ""Upf1"", `50724` = ""Sap30l"", `211586` = ""Tfdp2"", `14056` = ""Ezh2"", `68024` = ""H2bc4"", `13645` = ""Egf"", `76464` = ""Knl1"", `20744` = ""Strbp"", `21888` = ""Tle4"", `17765` = ""Mtf2"", `12530` = ""Cdc25a"", `16572` = ""Kif5a"", `19651` = ""Rbl2"", `22245` = ""Uck1"", `73166` = ""Tm7sf2"", `19650` = ""Rbl1"", `17126` = ""Smad2"", `50878` = ""Stag3"", `12449` = ""Ccnf"", `17536` = ""Meis2"", `20843` = ""Stag2"", `15511` = ""Hspa1b"", `18141` = ""Nup50"", `319187` = ""H2bc15"", `17218` = ""Mcm5"", `12580` = ""Cdkn2c"", `27221` = ""Chaf1a"", 
`226525` = ""Rasal2"", `56613` = ""Rps6ka4"", `69601` = ""Dab2ip"", `72391` = ""Cdkn3"", `72119` = ""Tpx2"", `26909` = ""Exo1"", `20873` = ""Plk4"", `16907` = ""Lmnb2"", `94246` = ""Arid4b"", `12427` = ""Ccna1"", `56150` = ""Mad2l1"", `19366` = ""Rad54l"", `14211` = ""Smc2"", `11799` = ""Birc5"", `77605` = ""H2afv"", `15364` = ""Hmga2"", `240641` = ""Kif20b"", `12455` = ""Ccnt1"", `16573` = ""Kif5b"", `15354` = ""Hmgb3"", `22288` = ""Utrn"", `107995` = ""Cdc20"", `13405` = ""Dmd"", `12428` = ""Ccna2"", `68612` = ""Ube2c"", `17748` = ""Mt1"", `15366` = ""Hmmr"", 
`21969` = ""Top1"", `22036` = ""Traip"", `21652` = ""Phf1"", `21917` = ""Tmpo"", `26965` = ""Cul1"", `107823` = ""Nsd2"", `319183` = ""H2bc11"", `23924` = ""Katna1"", `16551` = ""Kif11"", `12545` = ""Cdc7"", `17127` = ""Smad3"", `12534` = ""Cdk1"", `14030` = ""Ewsr1"", `108000` = ""Cenpf"", `16211` = ""Kpnb1"", `13018` = ""Ctcf"", `12442` = ""Ccnb2"", `18263` = ""Odc1"", `20937` = ""Suv39h1"", `20878` = ""Aurka"", `12649` = ""Chek1"", `11350` = ""Abl1"", `98386` = ""Lbr"", `20775` = ""Sqle"", `110033` = ""Kif22"", `15482` = ""Hspa1l"", `19357` = ""Rad21"", 
`21781` = ""Tfdp1"", `21887` = ""Tle3"", `13557` = ""E2f3"", `231912` = ""Katnal1"", `18969` = ""Pola2"", `104394` = ""E2f4"", `17268` = ""Meis1"", `19134` = ""Prpf4b"", `20382` = ""Srsf2"", `18131` = ""Notch3"", `16582` = ""Kifc3"", `21335` = ""Tacc3"", `66197` = ""Cks2"", `13640` = ""Efna5"", `67141` = ""Fbxo5"", `233406` = ""Prc1"", `16765` = ""Stmn1"", `16647` = ""Kpna2"", `18005` = ""Nek2"", `14828` = ""Hspa5"", `16906` = ""Lmnb1"", `15270` = ""H2afx"", `99375` = ""Cul4a"", `71521` = ""Pds5a"", `13637` = ""Efna2"", `20842` = ""Stag1"", `52033` = ""Pbk"", 
`26885` = ""Casp8ap2"", `15481` = ""Hspa8"", `20460` = ""Stil"", `17345` = ""Mki67"", `68094` = ""Smarcc2"", `18193` = ""Nsd1"", `269966` = ""Nup98"", `77891` = ""Ube2s"", `30939` = ""Pttg1"")"
"19","HALLMARK_GLYCOLYSIS",0.0764818355640535,0.147080453007795,0.224966093540314,0.259703506109233,1.18498256893076,272,"c(`68507` = ""Ppfia4"", `13179` = ""Dcn"", `12505` = ""Cd44"", `112407` = ""Egln3"", `18451` = ""P4ha1"", `12337` = ""Capn5"", `110006` = ""Gusb"", `54371` = ""Chst2"", `74747` = ""Ddit4"", `50527` = ""Ero1l"", `12832` = ""Col5a2"", `13649` = ""Egfr"", `22240` = ""Dpysl3"", `170768` = ""Pfkfb3"", `80879` = ""Slc16a3"", `26362` = ""Axl"", `14584` = ""Gfpt2"", `15275` = ""Hk1"", `17319` = ""Mif"", `11676` = ""Aldoc"", `12767` = ""Cxcr4"", `12740` = ""Cldn4"", `18641` = ""Pfkl"", `19882` = ""Mst1r"", `100910` = ""Chpf2"", `12843` = ""Col1a2"", `18484` = ""Pam"", 
`11674` = ""Aldoa"", `110095` = ""Pygl"", `15277` = ""Hk2"", `74241` = ""Chpf"", `11639` = ""Ak4"", `71653` = ""Shtn1"", `57444` = ""Isg20"", `20682` = ""Sox9"", `53867` = ""Col5a3"", `12842` = ""Col1a1"", `18452` = ""P4ha2"", `14381` = ""G6pdx"", `13710` = ""Elf3"", `15531` = ""Ndst1"", `109263` = ""Rlf"", `15937` = ""Ier3"", `26433` = ""Plod3"", `29858` = ""Pmm1"", `14733` = ""Gpc1"", `12124` = ""Bik"", `56863` = ""Cldn9"", `110639` = ""Prps2"", `233781` = ""Xylt1"", `50798` = ""Gne"", `20970` = ""Sdc3"", `13808` = ""Eno3"", `12825` = ""Col3a1"", 
`13806` = ""Eno1"", `22166` = ""Txn1"", `59031` = ""Chst12"", `15512` = ""Hspa2"", `11876` = ""Artn"", `18679` = ""Phka1"", `23908` = ""Hs2st1"", `110695` = ""Aldh7a1"")"
"20","HALLMARK_HEDGEHOG_SIGNALING",0.423236514522822,0.588656838656839,0.0902635484340068,-0.275170218418056,-1.01259978804078,61,"c(`18815` = ""Plg"", `22339` = ""Vegfa"", `16147` = ""Ihh"", `107449` = ""Unc5b"", `140781` = ""Myh7"", `20254` = ""Scg2"", `21888` = ""Tle4"", `15214` = ""Hey2"", `20423` = ""Shh"", `17885` = ""Myh8"", `20562` = ""Slit1"", `18015` = ""Nf1"", `16826` = ""Ldb2"", `11423` = ""Ache"", `107448` = ""Unc5a"")"
"21","HALLMARK_HEME_METABOLISM",0.0210523995600538,0.043859165750112,0.352487857583619,-0.280257156155394,-1.28130514841673,261,"c(`12585` = ""Cdr2"", `107747` = ""Aldh1l1"", `26357` = ""Abcg2"", `17524` = ""Mpp1"", `67712` = ""Slc25a37"", `102857` = ""Slc6a8"", `22782` = ""Slc30a1"", `64899` = ""Lpin3"", `433256` = ""Acsl5"", `63828` = ""Fn3k"", `11735` = ""Ank3"", `71648` = ""Optn"", `21871` = ""Atp6v0a2"", `20520` = ""Slc22a5"", `12728` = ""Clcn5"", `17859` = ""Mxi1"", `227197` = ""Ndufs1"", `11828` = ""Aqp3"", `71779` = ""March8"", `12359` = ""Cat"", `30805` = ""Slc22a4"", `211586` = ""Tfdp2"", `224762` = ""Trim31"", `14815` = ""Nr3c1"", `13829` = ""Dmtn"", `56224` = ""Tspan5"", 
`14056` = ""Ezh2"", `216781` = ""Trim58"", `14151` = ""Fech"", `59126` = ""Nek6"", `13857` = ""Epor"", `54484` = ""Mkrn1"", `233489` = ""Picalm"", `330401` = ""Tmcc1"", `11518` = ""Add1"", `78908` = ""Igsf3"", `212943` = ""Tent5a"", `104776` = ""Aldh6a1"", `11733` = ""Ank1"", `69046` = ""Isca1"", `70026` = ""Tspo2"", `68591` = ""Mocos"", `98766` = ""Ubac1"", `226781` = ""Slc30a10"", `17169` = ""Mark3"", `14629` = ""Gclc"", `20741` = ""Sptb"", `13828` = ""Epb42"", `140780` = ""Bmp2k"", `20528` = ""Slc2a4"", `16599` = ""Klf3"", `28169` = ""Agpat3"", 
`17330` = ""Minpp1"", `192657` = ""Ell2"", `12725` = ""Clcn3"", `14651` = ""Hagh"", `319156` = ""H4c4"", `666794` = ""Rbm24"", `12013` = ""Bach1"", `219094` = ""Khnyn"", `78938` = ""Fbxo34"")"
"22","HALLMARK_HYPOXIA",0.00598826590183858,0.0142577759567585,0.407017918923954,0.310046148042704,1.41716919638295,277,"c(`68507` = ""Ppfia4"", `12870` = ""Cp"", `13179` = ""Dcn"", `18787` = ""Serpine1"", `20525` = ""Slc2a1"", `18451` = ""P4ha1"", `11535` = ""Adm"", `21929` = ""Tnfaip3"", `319520` = ""Dusp4"", `20893` = ""Bhlhe40"", `14411` = ""Slc6a12"", `54371` = ""Chst2"", `74747` = ""Ddit4"", `50527` = ""Ero1l"", `12832` = ""Col5a2"", `19664` = ""Rbpj"", `12111` = ""Bgn"", `13649` = ""Egfr"", `22240` = ""Dpysl3"", `170768` = ""Pfkfb3"", `15275` = ""Hk1"", `108767` = ""Pnrc1"", `12226` = ""Btg1"", `17319` = ""Mif"", `11676` = ""Aldoc"", `56277` = ""Tmem45a"", `19252` = ""Dusp1"", 
`12767` = ""Cxcr4"", `18641` = ""Pfkl"", `18751` = ""Prkcb"", `12843` = ""Col1a2"", `18484` = ""Pam"", `11674` = ""Aldoa"", `110095` = ""Pygl"", `15277` = ""Hk2"", `21817` = ""Tgm2"", `11639` = ""Ak4"", `57444` = ""Isg20"", `53867` = ""Col5a3"", `75785` = ""Klhl24"", `17872` = ""Ppp1r15a"", `12842` = ""Col1a1"", `18452` = ""P4ha2"", `16193` = ""Il6"", `15531` = ""Ndst1"", `109263` = ""Rlf"", `15937` = ""Ier3"", `18654` = ""Pgf"", `17886` = ""Myh9"", `15476` = ""Hs3st1"", `14733` = ""Gpc1"", `15116` = ""Has1"", `11717` = ""Ampd3"", `18030` = ""Nfil3"", 
`13009` = ""Csrp3"", `20970` = ""Sdc3"", `13808` = ""Eno3"", `12825` = ""Col3a1"", `13806` = ""Eno1"", `74155` = ""Errfi1"", `14219` = ""Ccn2"", `52331` = ""Stbd1"", `16949` = ""Loxl1"", `22695` = ""Zfp36"", `20971` = ""Sdc4"", `15512` = ""Hspa2"", `16476` = ""Jun"", `18591` = ""Pdgfb"", `229665` = ""Ampd1"", `18655` = ""Pgk1"", `12934` = ""Dpysl2"", `17133` = ""Maff"", `12778` = ""Ackr3"", `16007` = ""Ccn1"", `12836` = ""Col7a1"", `60406` = ""Sap30"", `83398` = ""Ndst3"", `20778` = ""Scarb1"", `12826` = ""Col4a1"", `21983` = ""Tpbg"", `18648` = ""Pgam1"", 
`225998` = ""Rorb"", `14066` = ""F3"", `18712` = ""Pim1"", `14433` = ""Gapdh"", `14751` = ""Gpi1"", `12177` = ""Bnip3l"", `22021` = ""Tpst1"", `23871` = ""Ets1"", `93691` = ""Klf7"", `109674` = ""Ampd2"", `67475` = ""Ero1lb"", `16322` = ""Inha"", `228026` = ""Pdk1"")"
"23","HALLMARK_IL2_STAT5_SIGNALING",1e-10,8.33333333333333e-10,NA,0.455875215390938,2.09177731401569,299,"c(`14744` = ""Gpr65"", `11596` = ""Ager"", `20723` = ""Serpinb9"", `20706` = ""Serpinb9b"", `20707` = ""Serpinb9c"", `20726` = ""Serpinb9d"", `20710` = ""Serpinb9e"", `20709` = ""Serpinb9f"", `66141` = ""Ifitm3"", `18612` = ""Etv4"", `12505` = ""Cd44"", `20525` = ""Slc2a1"", `21938` = ""Tnfrsf1b"", `18451` = ""P4ha1"", `20725` = ""Serpinb8"", `15945` = ""Cxcl10"", `18606` = ""Enpp2"", `24088` = ""Tlr2"", `16154` = ""Il10ra"", `21943` = ""Tnfsf11"", `16190` = ""Il4ra"", `16410` = ""Itgav"", `216197` = ""Ckap4"", `20893` = ""Bhlhe40"", `17916` = ""Myo1f"", 
`55932` = ""Gbp3"", `17082` = ""Il1rl1"", `16364` = ""Irf4"", `12334` = ""Capn2"", `12332` = ""Capg"", `26410` = ""Map3k8"", `381319` = ""Batf3"", `170744` = ""Tlr8"", `21897` = ""Tlr1"", `80876` = ""Ifitm2"", `21898` = ""Tlr4"", `21899` = ""Tlr6"", `16163` = ""Il13"", `19734` = ""Rgs16"", `12810` = ""Coch"", `64138` = ""Ctsz"", `17829` = ""Muc1"", `12977` = ""Csf1"", `12773` = ""Ccr4"", `15275` = ""Hk1"", `102626` = ""Mapkapk3"", `16402` = ""Itga5"", `12506` = ""Cd48"", `13011` = ""Cst7"", `21664` = ""Phlda1"", `11492` = ""Adam19"", `12445` = ""Ccnd3"", 
`12477` = ""Ctla4"", `22163` = ""Tnfrsf4"", `16994` = ""Ltb"", `72267` = ""Lrrc8e"", `15277` = ""Hk2"", `22029` = ""Traf1"", `170743` = ""Tlr7"", `21817` = ""Tgm2"", `17164` = ""Mapkapk2"", `209378` = ""Itih5"", `19207` = ""Ptch2"", `18452` = ""P4ha2"", `16184` = ""Il2ra"", `17912` = ""Myo1b"", `19217` = ""Ptger2"", `20973` = ""Syngr2"", `17913` = ""Myo1c"", `14608` = ""Gpr83"", `20344` = ""Selp"", `67547` = ""Slc39a8"", `12349` = ""Car2"", `21941` = ""Tnfrsf8"", `22781` = ""Ikzf4"", `384009` = ""Glipr2"", `16182` = ""Il18r1"", `14064` = ""F2rl2"", 
`54167` = ""Icos"", `18030` = ""Nfil3"", `11658` = ""Alcam"", `13808` = ""Eno3"", `80859` = ""Nfkbiz"", `11622` = ""Ahr"", `17869` = ""Myc"", `74354` = ""Lrguk"")"
"24","HALLMARK_IL6_JAK_STAT3_SIGNALING",1e-10,8.33333333333333e-10,NA,0.635360747640252,2.5018980615311,98,"c(`12986` = ""Csf3r"", `21926` = ""Tnf"", `12475` = ""Cd14"", `320207` = ""Pik3r5"", `12505` = ""Cd44"", `21938` = ""Tnfrsf1b"", `15945` = ""Cxcl10"", `224109` = ""Nrros"", `24088` = ""Tlr2"", `20310` = ""Cxcl2"", `16190` = ""Il4ra"", `50498` = ""Ebi3"", `14825` = ""Cxcl1"", `26410` = ""Map3k8"", `20306` = ""Ccl7"", `17329` = ""Cxcl9"", `12982` = ""Csf2ra"", `21673` = ""Dntt"", `27279` = ""Tnfrsf12a"", `12771` = ""Ccr3"", `12977` = ""Csf1"", `16177` = ""Il1r1"", `12527` = ""Cd9"", `104681` = ""Slc16a6"", `384059` = ""Tlr12"", `21812` = ""Tgfbr1"", 
`18414` = ""Osmr"", `16401` = ""Itga4"", `16994` = ""Ltb"", `170743` = ""Tlr7"", `56744` = ""Pf4"", `232345` = ""A2m"", `15170` = ""Ptpn6"", `56066` = ""Cxcl11"", `19246` = ""Ptpn1"", `16184` = ""Il2ra"", `16193` = ""Il6"", `246154` = ""Vasn"", `20846` = ""Stat1"", `12402` = ""Cbl"", `16161` = ""Il12rb1"", `16182` = ""Il18r1"", `50905` = ""Il17rb"", `16416` = ""Itgb3"", `20849` = ""Stat4"", `16847` = ""Lepr"", `17874` = ""Myd88"", `100042555` = ""Gm13305"", `16157` = ""Il11ra1"", `16158` = ""Il11ra2"", `16476` = ""Jun"", `16199` = ""Il9r"")"
"25","HALLMARK_INFLAMMATORY_RESPONSE",1e-10,8.33333333333333e-10,NA,0.564719187610431,2.56606174160895,255,"c(`21857` = ""Timp1"", `17388` = ""Mmp15"", `12986` = ""Csf3r"", `13733` = ""Adgre1"", `12475` = ""Cd14"", `12061` = ""Bdkrb1"", `11304` = ""Abca4"", `66141` = ""Ifitm3"", `20311` = ""Cxcl5"", `320207` = ""Pik3r5"", `233079` = ""Ffar2"", `16160` = ""Il12b"", `237038` = ""Nox1"", `257632` = ""Nod2"", `18787` = ""Serpine1"", `21938` = ""Tnfrsf1b"", `15894` = ""Icam1"", `17387` = ""Mmp14"", `56696` = ""Gpr132"", `11535` = ""Adm"", `108078` = ""Olr1"", `15945` = ""Cxcl10"", `224109` = ""Nrros"", `24088` = ""Tlr2"", `64008` = ""Aqp9"", `216799` = ""Nlrp3"", 
`18578` = ""Pde4b"", `16154` = ""Il10ra"", `16190` = ""Il4ra"", `14726` = ""Pdpn"", `16410` = ""Itgav"", `50498` = ""Ebi3"", `17069` = ""Ly6e"", `20296` = ""Ccl2"", `18035` = ""Nfkbia"", `20306` = ""Ccl7"", `21897` = ""Tlr1"", `80876` = ""Ifitm2"", `20339` = ""Sele"", `54371` = ""Chst2"", `17329` = ""Cxcl9"", `69550` = ""Bst2"", `21899` = ""Tlr6"", `20295` = ""Ccl17"", `13136` = ""Cd55"", `13137` = ""Cd55b"", `378425` = ""Nlrp12"", `20299` = ""Ccl22"", `16174` = ""Il18rap"", `19734` = ""Rgs16"", `20511` = ""Slc1a2"", `15465` = ""Hrh1"", `26362` = ""Axl"", 
`12977` = ""Csf1"", `14676` = ""Gna15"", `320910` = ""Itgb8"", `20530` = ""Slc31a2"", `21950` = ""Tnfsf9"", `16177` = ""Il1r1"", `24115` = ""Best1"", `13732` = ""Emp3"", `19222` = ""Ptgir"", `16402` = ""Itga5"", `12506` = ""Cd48"", `321019` = ""Gpr183"", `20297` = ""Ccl20"", `16323` = ""Inhba"", `15251` = ""Hif1a"", `19882` = ""Mst1r"", `384059` = ""Tlr12"", `21812` = ""Tgfbr1"", `19219` = ""Ptger4"", `56212` = ""Rhog"", `20354` = ""Sema4d"", `74591` = ""Abca12"", `18414` = ""Osmr"", `18439` = ""P2rx7"", `170743` = ""Tlr7"", `18413` = ""Osm"", `12985` = ""Csf3"", 
`17096` = ""Lyn"", `23796` = ""Aplnr"", `14528` = ""Gch1"", `16197` = ""Il7r"", `56066` = ""Cxcl11"", `21939` = ""Cd40"", `19697` = ""Rela"", `15451` = ""Hpn"", `14747` = ""Cmklr1"", `16193` = ""Il6"", `19217` = ""Ptger2"", `246154` = ""Vasn"", `19696` = ""Rel"", `12515` = ""Cd69"", `380713` = ""Scarf1"", `12267` = ""C3ar1"", `16182` = ""Il18r1"", `17389` = ""Mmp16"", `16518` = ""Kcnj2"", `16416` = ""Itgb3"", `268379` = ""Abca13"", `16495` = ""Kcna7"", `14767` = ""Nmur1"", `19419` = ""Rasgrp1"", `192656` = ""Ripk2"", `54216` = ""Pcdh7"", `11622` = ""Ahr"", 
`17869` = ""Myc"", `239739` = ""Lamp3"", `50501` = ""Prok2"", `18033` = ""Nfkb1"")"
"26","HALLMARK_INTERFERON_ALPHA_RESPONSE",0.0110005501261619,0.0250012502867316,0.380730400722792,0.345554173389395,1.42002372973334,133,"c(`15958` = ""Ifit2"", `50908` = ""C1s1"", `317677` = ""C1s2"", `66141` = ""Ifitm3"", `14469` = ""Gbp2"", `15945` = ""Cxcl10"", `16190` = ""Il4ra"", `17069` = ""Ly6e"", `55932` = ""Gbp3"", `80876` = ""Ifitm2"", `19124` = ""Procr"", `69550` = ""Bst2"", `12977` = ""Csf1"", `67168` = ""Lpar6"", `109032` = ""Sp110"", `211329` = ""Ncoa7"", `57444` = ""Isg20"", `56066` = ""Cxcl11"", `19039` = ""Lgals3bp"", `16363` = ""Irf2"", `16149` = ""Cd74"", `192656` = ""Ripk2"", `239739` = ""Lamp3"", `99899` = ""Ifi44"", `209086` = ""Samd9l"", `12799` = ""Cnp"", `22375` = ""Wars"", 
`231712` = ""Trafd1"", `20343` = ""Sell"", `16196` = ""Il7"", `21354` = ""Tap1"", `667977` = ""Gm8909"", `14963` = ""H2-Bl"", `14964` = ""H2-D1"", `14972` = ""H2-K1"", `15006` = ""H2-Q1"", `15007` = ""H2-Q10"", `15013` = ""H2-Q2"", `15015` = ""H2-Q4"", `110557` = ""H2-Q6"", `15018` = ""H2-Q7"", `94088` = ""Trim6"", `626578` = ""Gbp10"", `634650` = ""Gbp11"", `17472` = ""Gbp4"", `100702` = ""Gbp6"", `236573` = ""Gbp9"")"
"27","HALLMARK_INTERFERON_GAMMA_RESPONSE",9.36086470927701e-09,4.6804323546385e-08,0.747739663149885,0.431223609552787,1.95465779314459,250,"c(`50909` = ""C1ra"", `667277` = ""C1rb"", `15958` = ""Ifit2"", `50908` = ""C1s1"", `317677` = ""C1s2"", `66141` = ""Ifitm3"", `12258` = ""Serping1"", `15894` = ""Icam1"", `14469` = ""Gbp2"", `15945` = ""Cxcl10"", `21929` = ""Tnfaip3"", `22329` = ""Vcam1"", `107607` = ""Nod1"", `15976` = ""Ifnar2"", `18578` = ""Pde4b"", `16154` = ""Il10ra"", `16190` = ""Il4ra"", `21928` = ""Tnfaip2"", `17069` = ""Ly6e"", `55932` = ""Gbp3"", `75345` = ""Slamf7"", `12628` = ""Cfh"", `20296` = ""Ccl2"", `16364` = ""Irf4"", `12364` = ""Casp12"", `18035` = ""Nfkbia"", 
`20306` = ""Ccl7"", `80876` = ""Ifitm2"", `72925` = ""March1"", `17329` = ""Cxcl9"", `69550` = ""Bst2"", `70082` = ""Lysmd2"", `66552` = ""Sppl2a"", `18783` = ""Pla2g4a"", `12226` = ""Btg1"", `19225` = ""Ptgs2"", `16414` = ""Itgb2"", `18641` = ""Pfkl"", `15251` = ""Hif1a"", `56045` = ""Samhd1"", `109032` = ""Sp110"", `57444` = ""Isg20"", `14528` = ""Gch1"", `15170` = ""Ptpn6"", `56066` = ""Cxcl11"", `21939` = ""Cd40"", `19246` = ""Ptpn1"", `14747` = ""Cmklr1"", `16193` = ""Il6"", `20344` = ""Selp"", `20846` = ""Stat1"", `12515` = ""Cd69"", `14962` = ""Cfb"", 
`19039` = ""Lgals3bp"", `60533` = ""Cd274"", `16363` = ""Irf2"", `20849` = ""Stat4"", `16149` = ""Cd74"", `66892` = ""Eif4e3"", `192656` = ""Ripk2"", `672511` = ""Rnf213"", `18033` = ""Nfkb1"", `17874` = ""Myd88"", `665563` = ""Mthfd2l"", `20656` = ""Sod2"", `14969` = ""H2-Eb1"")"
"28","HALLMARK_KRAS_SIGNALING_DN",0.268343815513627,0.419287211740042,0.119348440591015,-0.22814235032982,-1.06297835647641,309,"c(`27219` = ""Sgk2"", `53422` = ""Ybx2"", `13835` = ""Epha1"", `18604` = ""Pdk2"", `11928` = ""Atp1a1"", `11464` = ""Actc1"", `14536` = ""Nr6a1"", `56632` = ""Sphk2"", `57385` = ""P2ry4"", `58916` = ""Myot"", `19719` = ""Rfng"", `104027` = ""Synpo"", `23919` = ""Insl5"", `19125` = ""Prodh"", `12333` = ""Capn1"", `11459` = ""Acta1"", `21833` = ""Thra"", `14184` = ""Fgfr3"", `56358` = ""Copz2"", `170725` = ""Capn8"", `20393` = ""Sgk1"", `208922` = ""Cpeb3"", `21834` = ""Thrb"", `58185` = ""Rsad2"", `56043` = ""Akr1e1"", `140781` = ""Myh7"", `54420` = ""Cldn8"", 
`12828` = ""Col4a3"", `21952` = ""Tnni1"", `212943` = ""Tent5a"", `98363` = ""Efhd1"", `13645` = ""Egf"", `14573` = ""Gdnf"", `72094` = ""Ugt2a3"", `230810` = ""Slc30a2"", `546071` = ""Mast3"", `104069` = ""Sncb"", `17858` = ""Mx2"", `17857` = ""Mx1"", `15552` = ""Htr1d"", `93685` = ""Entpd7"", `13848` = ""Ephb6"", `11553` = ""Adra2c"", `20741` = ""Sptb"", `14431` = ""Gamt"", `20742` = ""Sptbn1"", `217328` = ""Myo15b"", `12830` = ""Col4a5"", `57745` = ""Zfp112"", `20618` = ""Sncg"", `56711` = ""Plag1"", `14804` = ""Grid2"", `65945` = ""Clstn1"", `13841` = ""Epha7"", 
`50878` = ""Stag3"", `16191` = ""Il5"", `93872` = ""Pcdhb1"", `12715` = ""Ckm"", `241525` = ""Ypel4"", `64242` = ""Ngb"", `21410` = ""Hnf1b"", `20429` = ""Shox2"", `20843` = ""Stag2"", `21405` = ""Hnf1a"", `56527` = ""Mast1"", `16370` = ""Irs4"", `13842` = ""Epha8"", `232078` = ""Thnsl2"", `12290` = ""Cacna1e"", `20363` = ""Selenop"", `15484` = ""Hsd11b2"", `12829` = ""Col4a4"", `15932` = ""Idua"", `67426` = ""Coq8a"", `18506` = ""Pax4"", `22221` = ""Ubp1"", `98660` = ""Atp1a2"", `94216` = ""Col4a6"", `26549` = ""Itgb1bp2"", `20272` = ""Scn7a"", `12166` = ""Bmpr1a"", 
`14748` = ""Gpr3"", `14803` = ""Grid1"", `66972` = ""Slc25a23"", `12427` = ""Ccna1"", `20665` = ""Sox10"", `15139` = ""Hc"", `12167` = ""Bmpr1b"", `23964` = ""Tenm2"", `20608` = ""Sstr4"")"
"29","HALLMARK_KRAS_SIGNALING_UP",8.92838009202165e-07,3.18870717572202e-06,0.659444398037935,0.388121994171556,1.77713991684381,283,"c(`66058` = ""Tmem176a"", `18612` = ""Etv4"", `20311` = ""Cxcl5"", `21938` = ""Tnfrsf1b"", `58205` = ""Pdcd1lg2"", `15945` = ""Cxcl10"", `224109` = ""Nrros"", `21929` = ""Tnfaip3"", `26888` = ""Clec4a2"", `18109` = ""Mycn"", `16154` = ""Il10ra"", `18826` = ""Lcp1"", `13038` = ""Ctsk"", `20568` = ""Slpi"", `12628` = ""Cfh"", `65963` = ""Tmem176b"", `12223` = ""Btc"", `18792` = ""Plau"", `170744` = ""Tlr8"", `11796` = ""Birc3"", `101772` = ""Ano1"", `50527` = ""Ero1l"", `12982` = ""Csf2ra"", `16398` = ""Itga2"", `19734` = ""Rgs16"", `13040` = ""Ctss"", 
`94176` = ""Dock2"", `74069` = ""Serpina3a"", `271047` = ""Serpina3b"", `16625` = ""Serpina3c"", `238393` = ""Serpina3f"", `20715` = ""Serpina3g"", `628900` = ""Serpina3i"", `238395` = ""Serpina3j"", `20714` = ""Serpina3k"", `20717` = ""Serpina3m"", `20716` = ""Serpina3n"", `14584` = ""Gfpt2"", `20440` = ""St6gal1"", `15275` = ""Hk1"", `23797` = ""Akt3"", `26359` = ""Anxa10"", `12142` = ""Prdm1"", `107527` = ""Il1rl2"", `14012` = ""Mpzl2"", `11491` = ""Adam17"", `12767` = ""Cxcr4"", `12445` = ""Ccnd3"", `19225` = ""Ptgs2"", `20297` = ""Ccl20"", 
`16323` = ""Inhba"", `16414` = ""Itgb2"", `384059` = ""Tlr12"", `66805` = ""Tspan1"", `233744` = ""Spon1"", `15277` = ""Hk2"", `22029` = ""Traf1"", `170743` = ""Tlr7"", `20682` = ""Sox9"", `17872` = ""Ppp1r15a"", `56743` = ""Lat2"", `16598` = ""Klf2"", `16197` = ""Il7r"", `11846` = ""Arg1"", `15483` = ""Hsd11b1"", `77125` = ""Il33"", `26411` = ""Map4k1"", `14747` = ""Cmklr1"", `246154` = ""Vasn"", `238130` = ""Dock4"", `27260` = ""Plek2"", `71683` = ""Gypc"", `12349` = ""Car2"", `12402` = ""Cbl"", `14962` = ""Cfb"", `234309` = ""Cbr4"")"
"30","HALLMARK_MITOTIC_SPINDLE",0.977401129943503,1,0.0439759278026345,0.172551592200632,0.799884947802959,330,"c(`224109` = ""Nrros"", `17916` = ""Myo1f"", `12334` = ""Capn2"", `14086` = ""Fscn1"", `20743` = ""Sptbn2"", `12125` = ""Bcl2l11"", `94176` = ""Dock2"", `19414` = ""Rasa3"", `240057` = ""Syngap1"", `17698` = ""Msn"", `117600` = ""Srgap1"", `17118` = ""Marcks"", `72318` = ""Cyth4"", `384059` = ""Tlr12"", `18003` = ""Nedd9"", `140557` = ""Smc1b"", `269881` = ""Map3k10"", `30938` = ""Fgd3"", `170743` = ""Tlr7"", `16897` = ""Llgl1"", `231637` = ""Ssh1"", `73341` = ""Arhgef6"", `171207` = ""Arhgap4"", `24050` = ""Sept3"", `246154` = ""Vasn"", `276919` = ""Gemin4"", 
`238130` = ""Dock4"", `108686` = ""Ccdc88a"", `232533` = ""Stk38l"", `20739` = ""Spta1"", `16579` = ""Kifap3"", `17886` = ""Myh9"", `18129` = ""Notch2"", `270058` = ""Map1s"", `16328` = ""Cep250"", `74470` = ""Cep72"", `237860` = ""Ssh2"", `110350` = ""Dync2h1"", `16569` = ""Kif3b"", `17925` = ""Myo9b"", `219103` = ""Cenpj"", `74237` = ""Tubgcp2"", `218977` = ""Dlgap5"", `15185` = ""Hdac6"", `17973` = ""Nck1"", `22330` = ""Vcl"", `107321` = ""Lpxn"", `18132` = ""Notch4"", `22142` = ""Tuba1a"", `259302` = ""Srgap3"", `76073` = ""Pcgf5"", `53791` = ""Tlr5"", 
`13998` = ""Fgd6"", `24086` = ""Tlk2"", `109711` = ""Actn1"", `106504` = ""Stk38"", `18080` = ""Nin"", `26920` = ""Cntrl"")"
"31","HALLMARK_MTORC1_SIGNALING",0.433460076045627,0.588656838656839,0.0840745577910723,0.220677426514607,1.00849073084717,275,"c(`112407` = ""Egln3"", `20525` = ""Slc2a1"", `18451` = ""P4ha1"", `20893` = ""Bhlhe40"", `14411` = ""Slc6a12"", `26570` = ""Slc7a11"", `74747` = ""Ddit4"", `74105` = ""Gga2"", `54353` = ""Skap2"", `50527` = ""Ero1l"", `12406` = ""Serpinh1"", `236539` = ""Phgdh"", `15275` = ""Hk1"", `11676` = ""Aldoc"", `228151` = ""Fads2b"", `12527` = ""Cd9"", `12767` = ""Cxcr4"", `16414` = ""Itgb2"", `18641` = ""Pfkl"", `26377` = ""Dapp1"", `11674` = ""Aldoa"", `15277` = ""Hk2"", `11639` = ""Ak4"", `20539` = ""Slc7a5"", `17872` = ""Ppp1r15a"", `13032` = ""Ctsc"", 
`18710` = ""Pik3r3"", `74205` = ""Acsl3"", `18452` = ""P4ha2"", `14381` = ""G6pdx"", `76267` = ""Fads1"", `12721` = ""Coro1a"", `26433` = ""Plod3"", `15360` = ""Hmgcs2"", `22042` = ""Tfrc"", `94224` = ""Srd5a2"", `67204` = ""Eif2s2"", `14782` = ""Gsr"", `18030` = ""Nfil3"", `13808` = ""Eno3"", `13806` = ""Eno1"")"
"32","HALLMARK_MYC_TARGETS_V1",1,1,0.0444181153081573,0.154930472488458,0.694109097256283,236,"c(`14853` = ""Gspt2"", `51797` = ""Ctps"", `12571` = ""Cdk6"", `68092` = ""Ncbp2"", `20810` = ""Srm"", `67204` = ""Eif2s2"", `19988` = ""Rpl6"", `110639` = ""Prps2"", `17869` = ""Myc"", `53381` = ""Prdx4"", `53605` = ""Nap1l1"", `69192` = ""Dhx16"", `11792` = ""Apex1"", `56086` = ""Set"", `21454` = ""Tcp1"", `18148` = ""Npm1"", `18655` = ""Pgk1"", `11757` = ""Prdx3"", `103136` = ""Pwp1"", `68988` = ""Prpf31"", `74326` = ""Hnrnpr"", `18102` = ""Nme1"", `56200` = ""Ddx21"", `20104` = ""Rps6"", `225363` = ""Etf1"", `14113` = ""Fbl"", `28126` = ""Nop16"", 
`18458` = ""Pabpc1"", `433702` = ""Ncbp1"", `14719` = ""Got2"", `56403` = ""Syncrip"", `13681` = ""Eif4a1"", `12729` = ""Clns1a"", `20639` = ""Snrpb2"", `15382` = ""Hnrnpa1"", `68981` = ""Snrpa1"", `23917` = ""Impdh1"", `15982` = ""Ifrd1"", `52530` = ""Nhp2"", `18393` = ""Orc2"", `20174` = ""Ruvbl2"", `13665` = ""Eif2s1"", `11777` = ""Ap3s1"", `17463` = ""Psmd7"", `12461` = ""Cct2"", `70247` = ""Psmd1"", `20823` = ""Ssb"", `381760` = ""Ssbp1"", `23918` = ""Impdh2"", `85305` = ""Kars"", `101943` = ""Sf3b3"", `17219` = ""Mcm6"", `24015` = ""Abce1"", 
`108062` = ""Cstf2"", `12464` = ""Cct4"", `66409` = ""Rsl1d1"", `27041` = ""G3bp1"", `19359` = ""Rad23b"", `66942` = ""Ddx18"", `69719` = ""Cad"", `27366` = ""Txnl4a"", `12417` = ""Cbx3"", `15182` = ""Hdac2"", `18521` = ""Pcbp2"", `69692` = ""Hddc2"", `73677` = ""Psma8"", `53379` = ""Hnrnpa2b1"", `66656` = ""Eef1d"", `50995` = ""Uba2"", `51810` = ""Hnrnpu"", `20641` = ""Snrpd1"", `12465` = ""Cct5"", `67097` = ""Rps10"", `68436` = ""Rpl34"", `26445` = ""Psmb2"", `55944` = ""Eif3d"", `20817` = ""Srpk2"", `19385` = ""Ranbp1"", `19934` = ""Rpl22"", `12261` = ""C1qbp"", 
`15452` = ""Hprt"", `67134` = ""Nop56"", `18103` = ""Nme2"", `107508` = ""Eprs"", `16898` = ""Rps2"", `19166` = ""Psma2"", `20103` = ""Rps5"", `15516` = ""Hsp90ab1"", `20462` = ""Tra2b"", `26443` = ""Psma6"", `12567` = ""Cdk4"", `66094` = ""Lsm7"")"
"33","HALLMARK_MYC_TARGETS_V2",0.812015503875969,0.99026280960484,0.05378728077603,0.216265070265658,0.811043093010688,63,"c(`15275` = ""Hk1"", `15277` = ""Hk2"", `12571` = ""Cdk6"", `20810` = ""Srm"", `17869` = ""Myc"", `72515` = ""Wdr43"", `53414` = ""Bysl"", `18148` = ""Npm1"", `18432` = ""Mybbp1a"", `69902` = ""Mrto4"", `13537` = ""Dusp2"", `28126` = ""Nop16"", `22256` = ""Ung"", `67973` = ""Mphosph10"", `235036` = ""Ppan"", `64934` = ""Pes1"", `56361` = ""Pus1"", `75751` = ""Ipo4"", `70683` = ""Utp20"", `15278` = ""Tfb2m"", `107071` = ""Wdr74"", `66164` = ""Nip7"", `66942` = ""Ddx18"", `27993` = ""Imp4"", `12417` = ""Cbx3"", `71974` = ""Prmt3"", `27998` = ""Exosc5"", 
`101612` = ""Grwd1"", `18817` = ""Plk1"", `66590` = ""Farsa"", `270672` = ""Map3k15"", `76130` = ""Las1l"", `67134` = ""Nop56"", `59028` = ""Rcl1"")"
"34","HALLMARK_MYOGENESIS",0.39922480620155,0.587095303237574,0.0897104652742981,0.221372723398967,1.0150672339892,300,"c(`68507` = ""Ppfia4"", `12759` = ""Clu"", `29817` = ""Igfbp7"", `20657` = ""Sod3"", `20893` = ""Bhlhe40"", `56264` = ""Cpxm1"", `76954` = ""St5"", `12832` = ""Col5a2"", `67784` = ""Plxnd1"", `13649` = ""Egfr"", `14226` = ""Fkbp1b"", `23797` = ""Akt3"", `13143` = ""Dapk2"", `16985` = ""Lsp1"", `11492` = ""Adam19"", `18641` = ""Pfkl"", `12862` = ""Cox6a2"", `12843` = ""Col1a2"", `110095` = ""Pygl"", `16420` = ""Itgb6"", `21679` = ""Tead4"", `53311` = ""Mybph"", `53867` = ""Col5a3"", `23796` = ""Aplnr"", `52250` = ""Reep1"", `12842` = ""Col1a1"", `30051` = ""Spdef"", 
`17912` = ""Myo1b"", `20973` = ""Syngr2"", `17913` = ""Myo1c"", `14313` = ""Fst"", `20739` = ""Spta1"", `16000` = ""Igf1"", `17886` = ""Myh9"", `18129` = ""Notch2"", `260315` = ""Nav3"", `13644` = ""Efs"", `12140` = ""Fabp7"", `16416` = ""Itgb3"", `17532` = ""Mras"", `13497` = ""Drp2"", `21957` = ""Tnnt3"", `13009` = ""Csrp3"", `18844` = ""Plxna1"", `13808` = ""Eno3"", `12825` = ""Col3a1"", `12822` = ""Col18a1"", `20692` = ""Sparc"", `20410` = ""Sorbs3"", `13845` = ""Ephb3"", `12299` = ""Cacng1"", `21953` = ""Tnni2"", `11568` = ""Aebp1"", `18132` = ""Notch4"", 
`13844` = ""Ephb2"", `110196` = ""Fdps"", `17930` = ""Myom2"", `14173` = ""Fgf2"", `19165` = ""Psen2"", `66922` = ""Rras2"", `59069` = ""Tpm3"", `109711` = ""Actn1"", `11489` = ""Adam12"", `18126` = ""Nos2"", `12836` = ""Col7a1"", `209773` = ""Dennd2a"")"
"35","HALLMARK_NOTCH_SIGNALING",0.95959595959596,1,0.0480220415968251,-0.192536233871615,-0.680805782594737,49,"c(`54485` = ""Dll4"", `19719` = ""Rfng"", `50724` = ""Sap30l"", `19013` = ""Ppara"", `19015` = ""Ppard"", `22413` = ""Wnt2"")"
"36","HALLMARK_OXIDATIVE_PHOSPHORYLATION",1e-10,8.33333333333333e-10,NA,-0.458863252944867,-2.08567648875813,230,"c(`17161` = ""Maoa"", `11931` = ""Atp1b1"", `18293` = ""Ogdh"", `626359` = ""Wdr93"", `20916` = ""Sucla2"", `12974` = ""Cs"", `18242` = ""Oat"", `78920` = ""Dlst"", `269951` = ""Idh2"", `21871` = ""Atp6v0a2"", `17449` = ""Mdh1"", `109731` = ""Maob"", `67442` = ""Retsat"", `15159` = ""Hccs"", `227197` = ""Ndufs1"", `52538` = ""Acaa2"", `18674` = ""Slc25a3"", `11739` = ""Slc25a4"", `14661` = ""Glud1"", `11740` = ""Slc25a5"", `16922` = ""Phyh"", `17448` = ""Mdh2"", `11429` = ""Aco2"", `214952` = ""Rhot2"", `110826` = ""Etfb"", `69802` = ""Cox11"", `104776` = ""Aldh6a1"", 
`51798` = ""Ech1"", `67530` = ""Uqcrb"", `69046` = ""Isca1"", `235674` = ""Acaa1b"", `113868` = ""Acaa1a"", `13063` = ""Cycs"", `67834` = ""Idh3a"", `14148` = ""Fdx1"", `268782` = ""Agxt2"", `26926` = ""Aifm1"", `235339` = ""Dlat"", `13382` = ""Dld"", `11947` = ""Atp5b"", `18597` = ""Pdha1"", `12864` = ""Cox6c"", `338359` = ""Supv3l1"", `76614` = ""Immt"", `17993` = ""Ndufs4"", `22273` = ""Uqcrc1"", `15511` = ""Hspa1b"", `15926` = ""Idh1"", `109754` = ""Cyb5r3"", `28080` = ""Atp5o"", `55951` = ""Mpc1"", `69597` = ""Afg3l2"", `71760` = ""Etnppl"", 
`66445` = ""Cyc1"", `11364` = ""Acadm"", `67680` = ""Sdhb"", `97212` = ""Hadha"", `12895` = ""Cpt1b"", `50799` = ""Slc25a13"", `67003` = ""Uqcrc2"", `18105` = ""Nqo2"", `170718` = ""Idh3b"", `27395` = ""Mrpl15"", `67863` = ""Slc25a11"", `76132` = ""Faxc"", `11946` = ""Atp5a1"", `228033` = ""Atp5g3"", `231086` = ""Hadhb"", `17992` = ""Ndufa4"", `66694` = ""Uqcrfs1"", `66043` = ""Atp5d"", `12369` = ""Casp7"", `75406` = ""Ndufs7"", `68202` = ""Ndufa5"", `56451` = ""Suclg1"", `12034` = ""Phb2"", `66052` = ""Sdhc"", `109672` = ""Cyb5a"", `70383` = ""Cox10"", 
`11949` = ""Atp5c1"", `66945` = ""Sdha"", `11409` = ""Acads"", `27402` = ""Pdhx"", `57423` = ""Atp5j2"", `170731` = ""Mfn2"", `74143` = ""Opa1"", `11951` = ""Atp5g1"", `11950` = ""Atp5pb"", `68194` = ""Ndufb4"", `66046` = ""Ndufb5"", `15505` = ""Hsph1"", `22334` = ""Vdac2"", `226139` = ""Cox15"", `17995` = ""Ndufv1"", `11958` = ""Atp5k"", `11370` = ""Acadvl"", `66142` = ""Cox7b"", `14194` = ""Fh1"", `70316` = ""Ndufab1"", `22333` = ""Vdac1"", `66377` = ""Ndufc1"", `110842` = ""Etfa"", `73078` = ""Pmpcb"", `11306` = ""Abcb7"", `11957` = ""Atp5j"", 
`407785` = ""Ndufs6"", `22272` = ""Uqcrq"", `68263` = ""Pdhb"", `68349` = ""Ndufs3"", `66916` = ""Ndufb7"", `72947` = ""Phykpl"", `66525` = ""Timm50"", `12861` = ""Cox6a1"", `66841` = ""Etfdh"", `625249` = ""Gpx4"", `68375` = ""Ndufa8"", `110920` = ""Hspa13"", `53375` = ""Mtx2"", `66925` = ""Sdhd"", `12894` = ""Cpt1a"", `12367` = ""Casp3"", `68197` = ""Ndufc2"", `13177` = ""Eci1"", `67608` = ""Narf"", `15929` = ""Idh3g"", `15108` = ""Hsd17b10"", `15482` = ""Hspa1l"", `67460` = ""Decr1"", `110323` = ""Cox6b1"", `66108` = ""Ndufa9"", `66407` = ""Mrps15"", 
`67264` = ""Ndufb8"", `72900` = ""Ndufv2"", `12858` = ""Cox5a"")"
"37","HALLMARK_P53_PATHWAY",0.435606060606061,0.588656838656839,0.0835990603684159,0.220616961068999,1.00538005139302,266,"c(`56437` = ""Rrad"", `19124` = ""Procr"", `26570` = ""Slc7a11"", `74747` = ""Ddit4"", `67784` = ""Plxnd1"", `11686` = ""Alox12b"", `230233` = ""Elp1"", `19734` = ""Rgs16"", `21950` = ""Tnfsf9"", `239273` = ""Abcc4"", `229933` = ""Clca2"", `20724` = ""Serpinb5"", `12226` = ""Btg1"", `102626` = ""Mapkapk3"", `13033` = ""Ctsd"", `217344` = ""Rhbdf2"", `17250` = ""Abcc1"", `12445` = ""Ccnd3"", `21812` = ""Tgfbr1"", `16666` = ""Krt16"", `74012` = ""Rap2b"", `55948` = ""Sfn"", `17164` = ""Mapkapk2"", `17872` = ""Ppp1r15a"", `16598` = ""Klf2"", `22059` = ""Trp53"", 
`17112` = ""Tm4sf1"", `16324` = ""Inhbb"", `15937` = ""Ier3"", `29858` = ""Pmm1"", `27416` = ""Abcc5"", `19079` = ""Prkab1"", `18129` = ""Notch2"", `23853` = ""Def6"", `13650` = ""Rhbdf1"", `70930` = ""Nol8"", `16667` = ""Krt17"", `15939` = ""Ier5"", `16664` = ""Krt14"", `50754` = ""Fbxw7"", `18844` = ""Plxna1"", `13845` = ""Ephb3"", `21953` = ""Tnni2"", `76500` = ""Ip6k2"", `18132` = ""Notch4"", `13844` = ""Ephb2"", `12606` = ""Cebpa"", `16476` = ""Jun"", `12795` = ""Plk3"", `76884` = ""Cyfip2"", `108100` = ""Baiap2"")"
"38","HALLMARK_PANCREAS_BETA_CELLS",0.00280861780318398,0.00702154450795995,0.431707695803346,-0.470010487266821,-1.6501500007785,48,"c(`13482` = ""Dpp4"", `214189` = ""Scgn"", `20526` = ""Slc2a2"", `18012` = ""Neurod1"", `20604` = ""Sst"", `18548` = ""Pcsk1"", `15874` = ""Iapp"", `14526` = ""Gcg"", `18770` = ""Pklr"", `12652` = ""Chga"", `22337` = ""Vdr"", `18508` = ""Pax6"", `20911` = ""Stxbp2"", `16658` = ""Mafb"", `53626` = ""Insm1"", `21410` = ""Hnf1b"", `21405` = ""Hnf1a"", `20818` = ""Srprb"", `18506` = ""Pax4"", `11925` = ""Neurog3"", `18549` = ""Pcsk2"")"
"39","HALLMARK_PEROXISOME",1.91072075442109e-08,7.96133647675452e-08,0.73376198835648,-0.490349727789394,-2.10146095143007,148,"c(`26358` = ""Aldh1a7"", `11668` = ""Aldh1a1"", `243168` = ""Hsd17b13"", `381404` = ""Pabpc1l"", `56752` = ""Aldh9a1"", `18631` = ""Pex11a"", `16204` = ""Fabp6"", `13850` = ""Ephx2"", `12903` = ""Crabp1"", `74147` = ""Ehhadh"", `26889` = ""Cln8"", `11666` = ""Abcd1"", `433256` = ""Acsl5"", `20347` = ""Sema3b"", `11430` = ""Acox1"", `19299` = ""Abcd3"", `66307` = ""Isoc1"", `269951` = ""Idh2"", `72535` = ""Aldh1b1"", `20280` = ""Scp2"", `18171` = ""Nr1i2"", `76263` = ""Gstk1"", `67442` = ""Retsat"", `13370` = ""Dio1"", `56847` = ""Aldh1a3"", `20522` = ""Slc23a1"", 
`54200` = ""Sult2b1"", `12359` = ""Cat"", `11739` = ""Slc25a4"", `11740` = ""Slc25a5"", `53310` = ""Dlg3"", `15488` = ""Hsd17b4"", `19305` = ""Pex5"", `20181` = ""Rxra"", `74754` = ""Dhcr24"", `66887` = ""Lonp2"", `12908` = ""Crat"", `114664` = ""Hsd17b11"", `20148` = ""Dhrs3"", `51798` = ""Ech1"", `56273` = ""Pex14"", `72094` = ""Ugt2a3"", `18671` = ""Abcb1a"", `235674` = ""Acaa1b"", `113868` = ""Acaa1a"")"
"40","HALLMARK_PI3K_AKT_MTOR_SIGNALING",0.857699805068226,0.997325354730495,0.051530912208539,0.195275424084786,0.830808980343808,155,"c(`20525` = ""Slc2a1"", `18796` = ""Plcb2"", `107607` = ""Nod1"", `22324` = ""Vav1"", `245269` = ""Nim1k"", `13649` = ""Egfr"", `23797` = ""Akt3"", `12767` = ""Cxcr4"", `11513` = ""Adcy7"", `18751` = ""Prkcb"", `26377` = ""Dapp1"", `55948` = ""Sfn"", `17096` = ""Lyn"", `18710` = ""Pik3r3"", `15170` = ""Ptpn6"", `12571` = ""Cdk6"", `22030` = ""Traf2"", `73699` = ""Ppp2r1b"", `108079` = ""Prkaa2"", `110355` = ""Grk2"", `14675` = ""Gna14"", `17973` = ""Nck1"", `72349` = ""Dusp3"", `17874` = ""Myd88"")"
"41","HALLMARK_PROTEIN_SECRETION",0.25,0.403225806451613,0.118287526124085,-0.259137495196481,-1.0976947326323,137,"c(`11928` = ""Atp1a1"", `19341` = ""Rab4a"", `12728` = ""Clcn5"", `20404` = ""Sh3gl2"", `70361` = ""Lman1"", `12390` = ""Cav2"", `11773` = ""Ap2m1"", `74616` = ""Scrn3"", `69938` = ""Scrn1"", `100226` = ""Stx12"", `13866` = ""Erbb2"", `12725` = ""Clcn3"", `69608` = ""Sec24d"", `107767` = ""Scamp1"", `319642` = ""Rab9b"", `20111` = ""Rps6ka1"", `19334` = ""Rab22a"", `21985` = ""Tpd52"", `17957` = ""Napb"", `208449` = ""Sgms1"", `71943` = ""Tom1l1"", `76332` = ""Cog2"", `19344` = ""Rab5b"", `98660` = ""Atp1a2"", `26413` = ""Mapk1"", `11840` = ""Arf1"", 
`67300` = ""Cltc"", `20844` = ""Stam"", `19345` = ""Rab5c"", `66251` = ""Arfgap3"", `69162` = ""Sec31a"", `74006` = ""Dnm1l"", `271457` = ""Rab5a"", `12068` = ""Bet1"", `56494` = ""Gosr2"", `107338` = ""Gbf1"", `218811` = ""Sec24c"", `20655` = ""Sod1"", `67830` = ""Rer1"", `56041` = ""Uso1"", `26417` = ""Mapk3"", `20405` = ""Sh3gl1"", `22319` = ""Vamp3"", `11977` = ""Atp7a"", `13867` = ""Erbb3"", `16560` = ""Kif1a"", `16561` = ""Kif1b"", `16651` = ""Sspn"", `99371` = ""Arfgef2"", `22318` = ""Vamp2"", `56418` = ""Ykt6"", `27403` = ""Abca7"", `67074` = ""Mon2"", 
`11979` = ""Atp7b"")"
"42","HALLMARK_REACTIVE_OXIGEN_SPECIES_PATHWAY",0.122568093385214,0.226977950713359,0.176694268938498,0.335623727866669,1.25451228969044,62,"c(`14159` = ""Fes"", `239273` = ""Abcc4"", `17250` = ""Abcc1"", `16985` = ""Lsp1"", `18641` = ""Pfkl"", `53416` = ""Stk39"", `14381` = ""G6pdx"", `14325` = ""Ftl1"", `27416` = ""Abcc5"", `76408` = ""Abcc3"", `14782` = ""Gsr"", `15242` = ""Hhex"", `22166` = ""Txn1"", `53381` = ""Prdx4"", `17196` = ""Mbp"", `20656` = ""Sod2"", `16477` = ""Junb"", `12581` = ""Cdkn2d"")"
"43","HALLMARK_SPERMATOGENESIS",0.195219123505976,0.336584695699959,0.13880510939114,-0.259296059729579,-1.12959382480819,174,"c(`53422` = ""Ybx2"", `56485` = ""Slc2a5"", `80981` = ""Arl4d"", `77032` = ""Tstd3"", `238463` = ""Tubal3"", `64899` = ""Lpin3"", `12672` = ""Chrm4"", `12330` = ""Canx"", `22141` = ""Tub"", `17288` = ""Mep1b"", `11421` = ""Ace"", `71838` = ""Phf7"", `14056` = ""Ezh2"", `233489` = ""Picalm"", `21952` = ""Tnni1"", `20480` = ""Clpb"", `243764` = ""Chrm2"", `19087` = ""Prkar2a"", `27399` = ""Ip6k1"", `12995` = ""Csnk2a1"", `20744` = ""Strbp"", `21888` = ""Tle4"", `18951` = ""Sept5"", `14823` = ""Grm8"", `17761` = ""Map7"", `11684` = ""Alox12"", `68312` = ""Gstm7"", 
`18597` = ""Pdha1"", `15511` = ""Hspa1b"", `15429` = ""Hoxd1"", `56527` = ""Mast1"", `18682` = ""Phkg1"", `110157` = ""Raf1"", `14862` = ""Gstm1"", `11536` = ""Gpr182"", `30052` = ""Pcsk1n"", `72391` = ""Cdkn3"", `56324` = ""Stam2"", `23885` = ""Gmcl1"", `108073` = ""Grm7"", `93759` = ""Sirt1"", `12427` = ""Ccna1"", `14581` = ""Gfi1"")"
"44","HALLMARK_TGF_BETA_SIGNALING",0.726907630522088,0.908634538152611,0.060640400949416,0.22396162374482,0.880139694998703,93,"c(`18787` = ""Serpine1"", `20482` = ""Skil"", `12561` = ""Cdh4"", `20743` = ""Sptbn2"", `14226` = ""Fkbp1b"", `21827` = ""Thbs3"", `21812` = ""Tgfbr1"", `106572` = ""Rab31"", `17872` = ""Ppp1r15a"", `232941` = ""Ppm1n"", `107951` = ""Cdk9"", `21815` = ""Tgif1"", `75788` = ""Smurf1"", `228839` = ""Tgif2"", `12845` = ""Comp"", `16477` = ""Junb"", `11852` = ""Rhob"", `11477` = ""Acvr1"", `21828` = ""Thbs4"", `21847` = ""Klf10"", `216080` = ""Ube2d1"", `12560` = ""Cdh3"", `26409` = ""Map3k7"")"
"45","HALLMARK_TNFA_SIGNALING_VIA_NFKB",1e-10,8.33333333333333e-10,NA,0.533170139352128,2.43276392711048,272,"c(`15958` = ""Ifit2"", `21926` = ""Tnf"", `20723` = ""Serpinb9"", `20706` = ""Serpinb9b"", `20707` = ""Serpinb9c"", `20726` = ""Serpinb9d"", `20710` = ""Serpinb9e"", `20709` = ""Serpinb9f"", `11304` = ""Abca4"", `20311` = ""Cxcl5"", `70789` = ""Kynu"", `12505` = ""Cd44"", `16160` = ""Il12b"", `18787` = ""Serpine1"", `20525` = ""Slc2a1"", `15894` = ""Icam1"", `20725` = ""Serpinb8"", `108078` = ""Olr1"", `15945` = ""Cxcl10"", `224109` = ""Nrros"", `21929` = ""Tnfaip3"", `319520` = ""Dusp4"", `24088` = ""Tlr2"", `20310` = ""Cxcl2"", `227659` = ""Slc2a6"", 
`16780` = ""Lamb3"", `18578` = ""Pde4b"", `21928` = ""Tnfaip2"", `20893` = ""Bhlhe40"", `14579` = ""Gem"", `230738` = ""Zc3h12a"", `20296` = ""Ccl2"", `14825` = ""Cxcl1"", `18792` = ""Plau"", `26410` = ""Map3k8"", `18035` = ""Nfkbia"", `11796` = ""Birc3"", `12044` = ""Bcl2a1a"", `12045` = ""Bcl2a1b"", `12047` = ""Bcl2a1d"", `12051` = ""Bcl3"", `12519` = ""Cd80"", `14283` = ""Fosl1"", `106869` = ""Tnfaip8"", `170768` = ""Pfkfb3"", `12977` = ""Csf1"", `21950` = ""Tnfsf9"", `14584` = ""Gfpt2"", `108767` = ""Pnrc1"", `12226` = ""Btg1"", `19288` = ""Ptx3"", 
`15370` = ""Nr4a1"", `21664` = ""Phlda1"", `104681` = ""Slc16a6"", `19252` = ""Dusp1"", `19225` = ""Ptgs2"", `321019` = ""Gpr183"", `17118` = ""Marcks"", `20297` = ""Ccl20"", `16323` = ""Inhba"", `13653` = ""Egr1"", `384059` = ""Tlr12"", `19219` = ""Ptger4"", `74591` = ""Abca12"", `22029` = ""Traf1"", `170743` = ""Tlr7"", `17872` = ""Ppp1r15a"", `14528` = ""Gch1"", `16598` = ""Klf2"", `16197` = ""Il7r"", `12228` = ""Btg3"", `56066` = ""Cxcl11"", `56708` = ""Clcf1"", `19697` = ""Rela"", `57783` = ""Tnip1"", `16193` = ""Il6"", `246154` = ""Vasn"", `19696` = ""Rel"", 
`18124` = ""Nr4a3"", `15937` = ""Ier3"", `21815` = ""Tgif1"", `12515` = ""Cd69"", `240672` = ""Dusp5"", `18788` = ""Serpinb2"", `20850` = ""Stat5a"", `14221` = ""Fjx1"", `108079` = ""Prkaa2"", `268379` = ""Abca13"", `15939` = ""Ier5"", `13654` = ""Egr2"", `18030` = ""Nfil3"", `228839` = ""Tgif2"", `17681` = ""Msc"", `12053` = ""Bcl6"", `192656` = ""Ripk2"", `21353` = ""Tank"", `17869` = ""Myc"", `22695` = ""Zfp36"", `20971` = ""Sdc4"", `18033` = ""Nfkb1"", `20656` = ""Sod2"", `16476` = ""Jun"", `16477` = ""Junb"", `19347` = ""Dennd5a"", `17133` = ""Maff"", 
`12778` = ""Ackr3"", `105787` = ""Prkaa1"", `53791` = ""Tlr5"", `13655` = ""Egr3"", `19224` = ""Ptgs1"", `16007` = ""Ccn1"", `53418` = ""B4galt2"", `54720` = ""Rcan1"", `11852` = ""Rhob"", `15936` = ""Ier2"")"
"46","HALLMARK_UNFOLDED_PROTEIN_RESPONSE",1,1,0.0452247443372884,0.116716980024696,0.493134553929299,152,"c(`20296` = ""Ccl2"", `74747` = ""Ddit4"", `50527` = ""Ero1l"", `72599` = ""Pdia5"", `20539` = ""Slc7a5"", `13685` = ""Eif4ebp1"", `276919` = ""Gemin4"", `15512` = ""Hspa2"", `56454` = ""Aldh18a1"", `665563` = ""Mthfd2l"", `18148` = ""Npm1"", `66583` = ""Exosc1"", `240667` = ""Sec31b"", `109075` = ""Exosc4"", `69065` = ""Chac1"", `75416` = ""Nop14"", `52808` = ""Tspyl2"", `67475` = ""Ero1lb"", `74108` = ""Parn"", `13681` = ""Eif4a1"", `108802` = ""Calr4"", `73710` = ""Tubb2b"", `22154` = ""Tubb5"", `102462` = ""Imp3"", `27053` = ""Asns"", `52530` = ""Nhp2"", 
`13665` = ""Eif2s1"", `231997` = ""Fkbp14"", `109019` = ""Nabp1"", `71853` = ""Pdia6"", `20856` = ""Stc2"", `72068` = ""Cnot2"", `319162` = ""H2aw"", `13666` = ""Eif2ak3"", `77591` = ""Ddx10"", `29810` = ""Bag3"")"
"47","HALLMARK_UV_RESPONSE_DN",0.132075471698113,0.235849056603774,0.166933848713193,0.249880849967404,1.13730464714919,259,"c(`17388` = ""Mmp15"", `18787` = ""Serpine1"", `17387` = ""Mmp14"", `319520` = ""Dusp4"", `16782` = ""Lamc2"", `20893` = ""Bhlhe40"", `22324` = ""Vav1"", `12832` = ""Col5a2"", `14369` = ""Fzd7"", `13649` = ""Egfr"", `30927` = ""Snai3"", `19414` = ""Rasa3"", `239273` = ""Abcc4"", `23797` = ""Akt3"", `20975` = ""Synj2"", `17250` = ""Abcc1"", `19252` = ""Dusp1"", `18751` = ""Prkcb"", `19281` = ""Ptprt"", `19882` = ""Mst1r"", `16772` = ""Lama1"", `14200` = ""Fhl2"", `12843` = ""Col1a2"", `59125` = ""Nek7"", `12394` = ""Runx1"", `53867` = ""Col5a3"", `12292` = ""Cacna1s"", 
`18710` = ""Pik3r3"", `19016` = ""Pparg"", `12064` = ""Bdnf"", `12842` = ""Col1a1"", `21813` = ""Tgfbr2"", `18707` = ""Pik3cd"", `27416` = ""Abcc5"", `15893` = ""Ica1"", `18129` = ""Notch2"", `76408` = ""Abcc3"", `50791` = ""Magi2"", `14773` = ""Grk5"", `17389` = ""Mmp16"", `16416` = ""Itgb3"", `226970` = ""Arhgef4"", `12825` = ""Col3a1"", `17869` = ""Myc"", `18033` = ""Nfkb1"", `18132` = ""Notch4"", `13132` = ""Dab2"", `252875` = ""Mios"", `14007` = ""Celf2"", `18755` = ""Prkch"", `26385` = ""Grk6"", `236920` = ""Stard8"", `16007` = ""Ccn1"")"
"48","HALLMARK_UV_RESPONSE_UP",0.692452830188679,0.887760038703435,0.059989249649033,0.203328115324274,0.925787959237817,262,"c(`15566` = ""Htr7"", `17388` = ""Mmp15"", `15894` = ""Icam1"", `17387` = ""Mmp14"", `20310` = ""Cxcl2"", `14590` = ""Ggh"", `56437` = ""Rrad"", `14825` = ""Cxcl1"", `14411` = ""Slc6a12"", `18035` = ""Nfkbia"", `12832` = ""Col5a2"", `13039` = ""Ctsl"", `12125` = ""Bcl2l11"", `26362` = ""Axl"", `12226` = ""Btg1"", `11676` = ""Aldoc"", `15370` = ""Nr4a1"", `12445` = ""Ccnd3"", `16008` = ""Igfbp2"", `55938` = ""Apom"", `12843` = ""Col1a2"", `11674` = ""Aldoa"", `11655` = ""Alas1"", `17096` = ""Lyn"", `53867` = ""Col5a3"", `14528` = ""Gch1"", `12228` = ""Btg3"", 
`12424` = ""Cck"", `12842` = ""Col1a1"", `16193` = ""Il6"", `12349` = ""Car2"", `22042` = ""Tfrc"", `17389` = ""Mmp16"", `80718` = ""Rab27b"", `13808` = ""Eno3"", `12825` = ""Col3a1"", `13806` = ""Eno1"", `12723` = ""Clcn1"", `19419` = ""Rasgrp1"")"
"49","HALLMARK_WNT_BETA_CATENIN_SIGNALING",0.834016393442623,0.992876658860265,0.0551351763385257,-0.219689068288654,-0.812996351961271,62,"c(`232232` = ""Hdac11"", `54485` = ""Dll4"", `18222` = ""Numb"", `19013` = ""Ppara"", `19015` = ""Ppard"", `93960` = ""Nkd1"", `13542` = ""Dvl1"", `234130` = ""Dkk4"", `15214` = ""Hey2"", `12006` = ""Axin2"", `27401` = ""Skp2"", `13543` = ""Dvl2"", `14679` = ""Gnai3"")"
"50","HALLMARK_XENOBIOTIC_METABOLISM",3.31330826953613e-09,1.84072681640896e-08,0.774939030136436,-0.415448753625727,-1.91360710582077,275,"c(`13809` = ""Enpep"", `26358` = ""Aldh1a7"", `11668` = ""Aldh1a1"", `71706` = ""Slc46a3"", `66082` = ""Abhd6"", `17161` = ""Maoa"", `226564` = ""Fmo4"", `225913` = ""Tkfc"", `66054` = ""Cndp2"", `13835` = ""Epha1"", `13074` = ""Cyp17a1"", `56752` = ""Aldh9a1"", `12499` = ""Entpd5"", `18815` = ""Plg"", `75704` = ""Ces1h"", `12623` = ""Ces1g"", `234564` = ""Ces1f"", `13897` = ""Ces1e"", `104158` = ""Ces1d"", `13884` = ""Ces1c"", `382044` = ""Ces1b"", `244595` = ""Ces1a"", `102857` = ""Slc6a8"", `30942` = ""Hnf4g"", `64899` = ""Lpin3"", `104086` = ""Cyp27a1"", 
`14263` = ""Fmo5"", `11666` = ""Abcd1"", `11430` = ""Acox1"", `53328` = ""Pgrmc1"", `17155` = ""Man1a"", `259301` = ""Leap2"", `269951` = ""Idh2"", `109731` = ""Maob"", `72535` = ""Aldh1b1"", `67442` = ""Retsat"", `71724` = ""Aox3"", `56847` = ""Aldh1a3"", `20517` = ""Slc22a1"", `226143` = ""Cyp2c23"", `243616` = ""Slc6a11"", `12359` = ""Cat"", `14121` = ""Fbp1"", `12927` = ""Bcar1"", `11847` = ""Arg2"", `19013` = ""Ppara"", `19015` = ""Ppard"", `93732` = ""Acox2"", `13195` = ""Ddc"", `14114` = ""Fbln1"", `223455` = ""March6"", `11429` = ""Aco2"", 
`110213` = ""Tmbim6"", `67103` = ""Ptgr1"", `23971` = ""Papss1"", `15378` = ""Hnf4a"", `55990` = ""Fmo2"", `22235` = ""Ugdh"", `631304` = ""Cyp4f40"", `20499` = ""Slc12a7"", `22436` = ""Xdh"", `12846` = ""Comt"", `74134` = ""Cyp2s1"", `237636` = ""Npc1l1"", `51798` = ""Ech1"", `13982` = ""Esr1"", `11671` = ""Aldh3a2"", `21366` = ""Slc6a6"", `14120` = ""Fbp2"", `110172` = ""Slc35b1"", `14080` = ""Fabp1"", `13848` = ""Ephb6"", `68943` = ""Pink1"", `14629` = ""Gclc"", `22361` = ""Vnn1"", `12583` = ""Cdo1"", `12780` = ""Abcc2"", `22271` = ""Upp1"", `107723` = ""Slc12a6"", 
`68312` = ""Gstm7"", `12497` = ""Entpd6"", `74114` = ""Crot"", `13841` = ""Epha7"", `234593` = ""Ndrg4"", `29811` = ""Ndrg2"", `67880` = ""Dcxr"", `242585` = ""Slc35d1"", `56205` = ""Ensa"", `15926` = ""Idh1"", `13842` = ""Epha8"", `20300` = ""Ccl25"", `66397` = ""Sar1b"", `72269` = ""Cda"", `27421` = ""Abcc6"", `14862` = ""Gstm1"", `13110` = ""Cyp2j6"", `11522` = ""Adh1"", `19128` = ""Pros1"", `71093` = ""Atoh8"", `19378` = ""Aldh1a2"", `70567` = ""Fra10ac1"")"
